http://&lt;span
http://1.bp.blogspot.com/-359x1Y9mHPI/U-eIid22n9I/AAAAAAAAIGc/a0W1_WWfzV8/s1600/DSC05844+%28Large%29.JPG
http://1.bp.blogspot.com/-3BgEBB8G6J8/U-eIpB9pP-I/AAAAAAAAIIA/3g1y4DGN0DA/s1600/DSC05866+%28Large%29.JPG
http://1.bp.blogspot.com/-4Ql-gIj9dQw/Veh_FHJ_rfI/AAAAAAAAK7w/o__zbRSXBsg/s1600/5%2Bstar.jpg
http://1.bp.blogspot.com/-4Ql-gIj9dQw/Veh_FHJ_rfI/AAAAAAAAK7w/o__zbRSXBsg/s200/5%2Bstar.jpg
http://1.bp.blogspot.com/-4Ql-gIj9dQw/Veh_FHJ_rfI/AAAAAAAAK7w/o__zbRSXBsg/s72-c/5%2Bstar.jpg
http://1.bp.blogspot.com/-78xskY-rYoU/VKRUeRys5FI/AAAAAAAAJQk/Kwv-F3DUuv8/s1600/Richard%2BFlatau%2Bbio%2Bpix%2B2%2B(Custom).jpg
http://1.bp.blogspot.com/-7dwuafvHs6o/U-eIp2txM_I/AAAAAAAAIIQ/44TSfyg9ZTU/s1600/DSC05868+%28Large%29.JPG
http://1.bp.blogspot.com/-7zht-XIIjT4/VKRUeCkEMCI/AAAAAAAAJQs/xjHaWJ_r0bs/s1600/Pratik.jpg
http://1.bp.blogspot.com/-9PMmavQJlHQ/U-eEjok375I/AAAAAAAAH_s/RqAGIEWGl4E/s1600/DSC05884+%28Large%29.JPG
http://1.bp.blogspot.com/-DGQXS2_MXyw/U-eIY6FPA0I/AAAAAAAAIEU/39ByIsCEdtk/s1600/DSC05817+%28Large%29.JPG
http://1.bp.blogspot.com/-DYZLW0_RkYQ/U-eEufmPLlI/AAAAAAAAIB8/IhkMG5HLRS4/s1600/DSC05906+%28Large%29.JPG
http://1.bp.blogspot.com/-Fki6vmpFctM/VRxfvt9P5VI/AAAAAAAAJxc/SPbYCY1sMLw/s1600/GFT.jpg
http://1.bp.blogspot.com/-HKiWcwrcnpY/VKRUn2tkxEI/AAAAAAAAJRM/lc5_7g6-Cu4/s1600/carolecrews17.jpg
http://1.bp.blogspot.com/-JNIOn2bYVAY/U-LrAZ5hx5I/AAAAAAAAMwU/qyca43soga8/s1600/no-avatar-50.png
http://1.bp.blogspot.com/-JPtRvHbP694/U-eIdmf4LHI/AAAAAAAAIFc/EPSky-n5n1U/s1600/DSC05835+%28Large%29.JPG
http://1.bp.blogspot.com/-J_tehj4q29s/U-eEhH3CSlI/AAAAAAAAH_Q/xNS9ANVTFTU/s1600/DSC05879+%28Large%29.JPG
http://1.bp.blogspot.com/-KnKYyEt2LQA/U-eImSbCUfI/AAAAAAAAIHU/2dt2E-M84jk/s1600/DSC05857+%28Large%29.JPG
http://1.bp.blogspot.com/-NFuI9g5Iy_g/U-eEuVUZTqI/AAAAAAAAICE/6ul1EXg2xDI/s1600/DSC05907+%28Large%29.JPG
http://1.bp.blogspot.com/-P1UfrYm0KFQ/U-eEluIZbQI/AAAAAAAAIAE/1yxgkyW3ltQ/s1600/DSC05887+%28Large%29.JPG
http://1.bp.blogspot.com/-TBAhNtLDSGU/U-eIZBX5-sI/AAAAAAAAIEg/ZwatlooR6Lc/s1600/DSC05822+%28Large%29.JPG
http://1.bp.blogspot.com/-Tbn4hCO5FZw/U-eIcJyfD2I/AAAAAAAAIFE/dk2RP5EZB38/s1600/DSC05832+%28Large%29.JPG
http://1.bp.blogspot.com/-Wwv1wtMbHmY/U-eEsBysMnI/AAAAAAAAIBk/8ZraHNIb7c8/s1600/DSC05902+%28Large%29.JPG
http://1.bp.blogspot.com/-Xakmg4CGXnA/Uw_8uqsGlwI/AAAAAAAALjg/AdRZNmOJpIA/s1600/no-img.png&amp;quot
http://1.bp.blogspot.com/-YEUXuwsPjP8/U-eItx13x4I/AAAAAAAAIJI/I7JuerfMVtQ/s1600/DSC05875+%28Large%29.JPG
http://1.bp.blogspot.com/-ZAOH87OHQQE/U-eIbhos4DI/AAAAAAAAIE8/h3-0MZH-RFg/s1600/DSC05826+%28Large%29.JPG
http://1.bp.blogspot.com/-_XvvWulyksY/VKRUcoCB25I/AAAAAAAAJQM/exenWQr8zlY/s1600/Debra%2B9-8-14%2B(Custom).jpg
http://1.bp.blogspot.com/-aovD0QPtA8s/U-eEihwiXnI/AAAAAAAAH_o/O2woQ2I2Lh0/s1600/DSC05883+%28Large%29.JPG
http://1.bp.blogspot.com/-dCwBGpAQoJE/U-eIm9EC8YI/AAAAAAAAIHc/TcLUoFcmBNI/s1600/DSC05858+%28Large%29.JPG
http://1.bp.blogspot.com/-det61iFr85A/U-eIWAcEEbI/AAAAAAAAIDs/gncmKIbAd3A/s1600/DSC05804+%28Large%29.JPG
http://1.bp.blogspot.com/-hw4144dkKgE/U-eErc4EspI/AAAAAAAAIBc/CjRIX7DCiI4/s1600/DSC05899+%28Large%29.JPG
http://1.bp.blogspot.com/-nKYIcQgbacY/U-eIYlxGdFI/AAAAAAAAIEQ/FgxQFeuXVp8/s1600/DSC05815+%28Large%29.JPG
http://1.bp.blogspot.com/-oQgwRTqkL-w/U-eIc0eOJoI/AAAAAAAAIFU/ER7SlWI0cVw/s1600/DSC05833+%28Large%29.JPG
http://1.bp.blogspot.com/-qFSD4Lchuec/VKRUeiAP9OI/AAAAAAAAJQ4/4fL3NuA6W1M/s1600/Shannon%2B(Custom).jpg
http://1.bp.blogspot.com/-qjJXLedJ89c/U-eEx9hNHoI/AAAAAAAAIDI/VGrC9Drisgw/s1600/DSC05920+%28Large%29.JPG
http://2.bp.blogspot.com/-1c1RBRf7M14/U-eIgmOEihI/AAAAAAAAIGA/A64XkXbbNvQ/s1600/DSC05839+%28Large%29.JPG
http://2.bp.blogspot.com/-4Lhhl1gcpos/U-eEu3HKxdI/AAAAAAAAICI/2V2zUGSBlC0/s1600/DSC05908+%28Large%29.JPG
http://2.bp.blogspot.com/-6JxWK4HhN-E/U-eEttuO6-I/AAAAAAAAIBw/sa13FqXIo9c/s1600/DSC05904+%28Large%29.JPG
http://2.bp.blogspot.com/-88VQgOIlvCs/U-eEpgd__lI/AAAAAAAAIA4/JJjIKhqPXDk/s1600/DSC05896+%28Large%29.JPG
http://2.bp.blogspot.com/-BA6n3i5cEHI/U-eIpRwS5dI/AAAAAAAAIII/sCXPtQ3GdXA/s1600/DSC05867+%28Large%29.JPG
http://2.bp.blogspot.com/-JDPES-E9otw/U-eIjHl0AyI/AAAAAAAAIGo/UJvyXaSsmKA/s1600/DSC05847+%28Large%29.JPG
http://2.bp.blogspot.com/-NELF34FpP9k/U-eIrYp_rGI/AAAAAAAAIIo/hFDEFllcI64/s1600/DSC05871+%28Large%29.JPG
http://2.bp.blogspot.com/-NRVErAMXOG8/U-eIaPt-2fI/AAAAAAAAIEw/zALj_wIB0UQ/s1600/DSC05825+%28Large%29.JPG
http://2.bp.blogspot.com/-O0o7l4IYG_o/Va1XPfzZUXI/AAAAAAAAKXI/UIXJoDxr2Pk/s1600/AS%2BSeen%2Bin%2B2.jpg&lt;/b:widget-setting&gt
http://2.bp.blogspot.com/-PapjYzqznVs/VKRUbJAZjAI/AAAAAAAAJP8/kb8TkRZ-Tz4/s1600/Carrie.jpg
http://2.bp.blogspot.com/-PoUrillwFO4/VKRUoRxFhiI/AAAAAAAAJRQ/xp8W3KXnJuY/s1600/illac.jpg
http://2.bp.blogspot.com/-QGRp1nboWSM/VJ7lcVe_21I/AAAAAAAAJI4/YLGeVaCjBKc/s1600/stairs.jpg
http://2.bp.blogspot.com/-SGQMG38S3wU/VUz_vWuRvaI/AAAAAAAAJ9I/JsO77w_Cie8/s1600/Hacking%2BOne%2BPage.jpg
http://2.bp.blogspot.com/-SGQMG38S3wU/VUz_vWuRvaI/AAAAAAAAJ9I/JsO77w_Cie8/s640/Hacking%2BOne%2BPage.jpg
http://2.bp.blogspot.com/-SGQMG38S3wU/VUz_vWuRvaI/AAAAAAAAJ9I/JsO77w_Cie8/s72-c/Hacking%2BOne%2BPage.jpg
http://2.bp.blogspot.com/-SM8vafR_bR4/U-eEkKFy6kI/AAAAAAAAH_0/1VGZ-gTeqW8/s1600/DSC05885+%28Large%29.JPG
http://2.bp.blogspot.com/-YM_E6-rn1ls/U-eEmGDmtfI/AAAAAAAAIAQ/b_a2MkAYkLc/s1600/DSC05888+%28Large%29.JPG
http://2.bp.blogspot.com/-Yr24y7kUH2U/U-eIr8aRDlI/AAAAAAAAIIw/26vgIRKe8B0/s1600/DSC05872+%28Large%29.JPG
http://2.bp.blogspot.com/-bEYxK-28O_E/U-eIkAWBhDI/AAAAAAAAIG4/tO0lWBaKDC8/s1600/DSC05849+%28Large%29.JPG
http://2.bp.blogspot.com/-eSUBTdWp0qc/U-eIrdyDbeI/AAAAAAAAIIg/Q9J1kAVe8y8/s1600/DSC05870+%28Large%29.JPG
http://2.bp.blogspot.com/-ebBN4baHeHM/U-eIbpDAxXI/AAAAAAAAIFA/h_nNetTS-WM/s1600/DSC05828+%28Large%29.JPG
http://2.bp.blogspot.com/-goOpBupbgV4/U-eEo5Ff7AI/AAAAAAAAIAo/nixDsBwMshQ/s1600/DSC05892+%28Large%29.JPG
http://2.bp.blogspot.com/-iUzzrBhJbiM/U-eIgC1Ia1I/AAAAAAAAIF4/lrr8t4BOUTY/s1600/DSC05838+%28Large%29.JPG
http://2.bp.blogspot.com/-kBa9zb_nDdQ/U-eIX9uybRI/AAAAAAAAIEE/5Ttqlxtq6tc/s1600/DSC05814+%28Large%29.JPG
http://2.bp.blogspot.com/-kSRIbIMJatc/VKRUcxykVaI/AAAAAAAAJQQ/356pRu8pCx4/s1600/Maggie061%2B(2)%2B(Custom).jpg
http://2.bp.blogspot.com/-l-fsLMPcSY4/U-eErukI9AI/AAAAAAAAIBY/SfvASJAeZrQ/s1600/DSC05901+%28Large%29.JPG
http://2.bp.blogspot.com/-r5xF0fsMn3g/U-eE6leKh8I/AAAAAAAAIDY/IJXXSUAgSx0/s1600/DSC05927+%28Large%29.JPG
http://2.bp.blogspot.com/-x9hdDYsql5U/U-eIjlqITZI/AAAAAAAAIG0/wnbCtG4aOIU/s1600/DSC05848+%28Large%29.JPG
http://3.bp.blogspot.com/--IqSZet2YSU/VRxfvuivO8I/AAAAAAAAJxY/kmiXyREVDJc/s1600/morning%2Bbrew.png
http://3.bp.blogspot.com/-288YptFf3zE/U-eEhpDjU8I/AAAAAAAAH_U/oC8RuawZjNA/s1600/DSC05878+%28Large%29.JPG
http://3.bp.blogspot.com/-35sI7pIxUxU/VU0A2S5HNYI/AAAAAAAAJ9Q/vJ9OIV97nqc/s200/alibi.png
http://3.bp.blogspot.com/-4lvgXuRQ5c0/VP9yyHUb9fI/AAAAAAAAJlc/OaJ18tkhx9A/s1600/SteveA.jpg
http://3.bp.blogspot.com/-5-kGufeJQY8/U-eEyf1mz-I/AAAAAAAAIDE/Qrsr8VWQwJ4/s1600/DSC05925+%28Large%29.JPG
http://3.bp.blogspot.com/-8VAbSAqhBn4/VP9zx91nJkI/AAAAAAAAJls/4v7O1ErW3N8/s1600/Curry.jpg
http://3.bp.blogspot.com/-9huFB-7a6Ag/U-eExNpp7RI/AAAAAAAAIC0/l9Akllo-n5s/s1600/DSC05914+%28Large%29.JPG
http://3.bp.blogspot.com/-AU1eFqfzCxo/U-eElCblGrI/AAAAAAAAIAA/c2ME6dzxsG4/s1600/DSC05886+%28Large%29.JPG
http://3.bp.blogspot.com/-BgwuiRIVzn4/U-eIogeXdHI/AAAAAAAAIH4/5J7hIaxj-Os/s1600/DSC05865+%28Large%29.JPG
http://3.bp.blogspot.com/-HSw9srJhjpk/U-eEqMxsJ6I/AAAAAAAAIBE/OuBg5AscMsU/s1600/DSC05897+%28Large%29.JPG
http://3.bp.blogspot.com/-NpHjomlQe8s/U-eIVxvaSdI/AAAAAAAAIDo/nj0SU99-DRg/s1600/DSC05802+%28Large%29.JPG
http://3.bp.blogspot.com/-NzUdH7XUzpk/U-eEvx0gtDI/AAAAAAAAICc/knEt5VFWpfQ/s1600/DSC05910+%28Large%29.JPG
http://3.bp.blogspot.com/-OjlvAtK_a30/U-eIkppkMpI/AAAAAAAAIHE/gvz4a8NaJVM/s1600/DSC05850+%28Large%29.JPG
http://3.bp.blogspot.com/-R3yA2FtlTBQ/Xoyv2bV7DfI/AAAAAAAASQE/vuVkJ6ncyc8ON8jeKr4TthSJXIpYXehCgCK4BGAYYCw/s1600/Hacking%2BFormats%2B%2528Small%2529.jpg&lt;/b:widget-setting&gt
http://3.bp.blogspot.com/-T_CnIz6lYkk/U-eInhX5k3I/AAAAAAAAIHs/axT6-rNvTKE/s1600/DSC05859+%28Large%29.JPG
http://3.bp.blogspot.com/-amKJfucTCeM/U-eIfdNF9oI/AAAAAAAAIFw/eV-0vTphgTI/s1600/DSC05837+%28Large%29.JPG
http://3.bp.blogspot.com/-bhicOZceZaQ/U-eIilsqM5I/AAAAAAAAIGg/M2jPeHsQ8NE/s1600/DSC05846+%28Large%29.JPG
http://3.bp.blogspot.com/-c7lW9NwvP_I/VKgG93HCi-I/AAAAAAAAJVQ/LW21EJQG4r4/s1600/Pratiks%2B%287%29.JPG
http://3.bp.blogspot.com/-cZf1wmbIXWM/U-eEwpOY4FI/AAAAAAAAICs/7fT_M0uDrrw/s1600/DSC05912+%28Large%29.JPG
http://3.bp.blogspot.com/-eLj9NmT1yrY/VKRUd8krY2I/AAAAAAAAJQg/Lxhrd154YSA/s1600/Chiara.jpg
http://3.bp.blogspot.com/-fewE3_ZwzGY/U-eEs6cnQCI/AAAAAAAAIBo/X7JIIXLW43k/s1600/DSC05903+%28Large%29.JPG
http://3.bp.blogspot.com/-j_KkD52rpCo/U-eIWvzlb4I/AAAAAAAAID8/FgT2Jf11RXQ/s1600/DSC05810+%28Large%29.JPG
http://3.bp.blogspot.com/-muIxOhUurSg/VKRV7tQJzII/AAAAAAAAJRc/3_P2yjse1DM/s1600/DSC05105c.jpg
http://3.bp.blogspot.com/-muIxOhUurSg/VKRV7tQJzII/AAAAAAAAJRc/3_P2yjse1DM/s72-c/DSC05105c.jpg
http://3.bp.blogspot.com/-pgC-q6Nv8Ns/VKRHjasHWVI/AAAAAAAAJMA/lio0Td4TW_8/s1600/Front-Final.jpg
http://3.bp.blogspot.com/-t1GIrbUn9Mk/U-eEqycP-BI/AAAAAAAAIBQ/i9M6gIOitlM/s1600/DSC05900+%28Large%29.JPG
http://3.bp.blogspot.com/-uJWLptv3ix4/U-eIZs7S4ZI/AAAAAAAAIEo/Md-tKHp_Lkk/s1600/DSC05824+%28Large%29.JPG
http://3.bp.blogspot.com/-vSNpS0t5zH8/U-eIe4qcN9I/AAAAAAAAIFo/sgpbw1zvuOk/s1600/DSC05836+%28Large%29.JPG
http://3.bp.blogspot.com/-wM91O038tY4/U-eEvR2cakI/AAAAAAAAICQ/lsXiKS5Yjcs/s1600/DSC05909+%28Large%29.JPG
http://3.bp.blogspot.com/-zZPYNijVyqU/U-eIqqh78dI/AAAAAAAAIIY/TMfLu0upAPo/s1600/DSC05869+%28Large%29.JPG
http://4.bp.blogspot.com/--MCno7CxbBc/U-eIeK5W8mI/AAAAAAAAIFg/rv_fD1UMh44/s1600/DSC05834+%28Large%29.JPG
http://4.bp.blogspot.com/-0zNfDf6aP5A/U-eEwR3lU2I/AAAAAAAAICk/azM69GSJ8Ug/s1600/DSC05911+%28Large%29.JPG
http://4.bp.blogspot.com/-1S8CddDdKDQ/U-eIud4ktAI/AAAAAAAAIJM/iNjM1CrhsHs/s1600/DSC05877+%28Large%29.JPG
http://4.bp.blogspot.com/-4EUJDHMGLG0/U-eEnjKxJuI/AAAAAAAAIAc/bejbanMLL_o/s1600/DSC05889+%28Large%29.JPG
http://4.bp.blogspot.com/-4Ql-gIj9dQw/Veh_FHJ_rfI/AAAAAAAAK70/GvbjrOrKeOQ/s1600/5%2Bstar.jpg
http://4.bp.blogspot.com/-4Ql-gIj9dQw/Veh_FHJ_rfI/AAAAAAAAK70/GvbjrOrKeOQ/s200/5%2Bstar.jpg
http://4.bp.blogspot.com/-6XKbLfgKc1w/U-eIskclnTI/AAAAAAAAII4/gCIf9qOuYM0/s1600/DSC05873+%28Large%29.JPG
http://4.bp.blogspot.com/-7YkeQAiuYpI/U-eIthrZH8I/AAAAAAAAIJE/1s7y6-xyAuw/s1600/DSC05874+%28Large%29.JPG
http://4.bp.blogspot.com/-7t70hexqlic/VKRUaRJeUmI/AAAAAAAAJP0/242NbYQ5Oro/s1600/Craig%2BSchreiber.jpg
http://4.bp.blogspot.com/-AJxuOJYCUeQ/U-eIX0_8sTI/AAAAAAAAIEI/zmTZ0LzNK5o/s1600/DSC05812+%28Large%29.JPG
http://4.bp.blogspot.com/-BWA72gfwKfI/U-eEh7BIGCI/AAAAAAAAH_Y/u3ff1OOYNqI/s1600/DSC05881+%28Large%29.JPG
http://4.bp.blogspot.com/-C7T7hP62ros/VP9yyDRqVcI/AAAAAAAAJlY/wO_eVeOvb0Q/s1600/Asha.png
http://4.bp.blogspot.com/-JWEpTZ6znuw/U-eEpL7mIWI/AAAAAAAAIAw/3q4mXkQZVi4/s1600/DSC05895+%28Large%29.JPG
http://4.bp.blogspot.com/-M943xkBUAXI/U-eIhspLZTI/AAAAAAAAIGQ/g0lbos6hcqg/s1600/DSC05841+%28Large%29.JPG
http://4.bp.blogspot.com/-S7Y38fy1SPw/U-eIletrxgI/AAAAAAAAIHM/NyGy8GBSDZg/s1600/DSC05856+%28Large%29.JPG
http://4.bp.blogspot.com/-UXcNJceqDFk/VKRUfNFyzWI/AAAAAAAAJQw/xDZ1ph8S2vY/s1600/Sigi%2B(Custom).jpg
http://4.bp.blogspot.com/-_7O_EpAhKzU/U-eIhCMkaxI/AAAAAAAAIGE/IKXgA_wk8w4/s1600/DSC05840+%28Large%29.JPG
http://4.bp.blogspot.com/-b2BwSRgKSFg/U-eImZ1HguI/AAAAAAAAIHY/EhDC5lzobgo/s1600/DSC05854+%28Large%29.JPG
http://4.bp.blogspot.com/-dYpR3g5rATg/VRCXZJd-TfI/AAAAAAAAJw0/eiUKshYQDY8/s1600/ebook_cover%2B(Small).jpg
http://4.bp.blogspot.com/-diM1YnXnIhI/U-eEyIzDo7I/AAAAAAAAIDA/x93lfMlC-p8/s1600/DSC05924+%28Large%29.JPG
http://4.bp.blogspot.com/-uRiaAN23hTc/U-eIoEM7A7I/AAAAAAAAIHw/s7Cmy8fThTI/s1600/DSC05862+%28Large%29.JPG
http://4.bp.blogspot.com/-vNPLZGJWqZk/U-eEnHpRZpI/AAAAAAAAIAU/nOQ0__7vUWs/s1600/DSC05890+%28Large%29.JPG
http://4bridges.org/
http://a9.com/-/spec/opensearchrss/1.0/
http://abqoldschool.com/
http://alibi.com/feature/49077/Hacking-the-Earthship.html
http://aliteroflight.org/
http://archinia.com/index.php/59-green-iniatives/green-initiatives/202-on-earthships
http://bodysouljourn.com/
http://buildsimple.org/earthbag.php
http://buildsimple.org/earthbag.php&lt;/span&gt;&lt;/a&gt;&lt;span
http://caniuse.com/#search=box-sizing
http://carolecrews.com/
http://clagnut.com/blog/348/#c790
http://creativecommons.org/licenses/by/3.0/
http://css-tricks.com
http://cstones.org/
http://daverupert.com
http://earthshipeurope.org/index.php/earthships/performance&amp;nbsp;&lt;/div&gt;&lt;div
http://earthshipeurope.org/index.php/earthships/performance&lt;/div&gt;&lt;div
http://en.wikipedia.org/wiki/Toluene_toxicity
http://fonts.googleapis.com/css?family=Lora:400,700&amp;amp;subset=latin,latin-ext
http://hackingtheearthship.blogspot.com/
http://hackingtheearthship.blogspot.com/2014/12/earthship-europe_31.html
http://hackingtheearthship.blogspot.com/2014/12/freney-soebarto-and-williamson-2012.html
http://hackingtheearthship.blogspot.com/2014/12/freney-soebarto-and-williamson-2013.html
http://hackingtheearthship.blogspot.com/2014/12/freney.html
http://hackingtheearthship.blogspot.com/2014/12/kruis-and-heun.html
http://hackingtheearthship.blogspot.com/2014/12/kuil.html
http://hackingtheearthship.blogspot.com/2014/12/schmidt.html
http://hackingtheearthship.blogspot.com/2014/12/university-of-brighton.html
http://hackingtheearthship.blogspot.com/2014/12/zimmerman-burger-nolan.html
http://hackingtheearthship.blogspot.com/2015/01/getting-your-earthship-built-managing.html
http://hackingtheearthship.blogspot.com/2015/01/glass-block-and-bottle-walls.html
http://hackingtheearthship.blogspot.com/2015/01/insurance-for-earthship-or-non.html
http://hackingtheearthship.blogspot.com/2015/01/tire-off-gassing-research.html
http://hackingtheearthship.blogspot.com/2015/01/tires-and-offgassing-issue.html
http://hackingtheearthship.blogspot.com/2015/03/astrologically-correct-timing-when-to.html
http://hackingtheearthship.blogspot.com/2015/03/new-home-design-worksheet.html
http://hackingtheearthship.blogspot.com/2015/03/site-design-checklist.html
http://hackingtheearthship.blogspot.com/2015/03/table-of-contents.html
http://hackingtheearthship.blogspot.com/2015/04/community-space-assembly-occupancies.html
http://hackingtheearthship.blogspot.com/2015/04/designing-for-thermal-comfort.html
http://hackingtheearthship.blogspot.com/2015/04/going-green-during-construction.html
http://hackingtheearthship.blogspot.com/2015/04/growing-your-own-dans-epic-garden.html
http://hackingtheearthship.blogspot.com/2015/04/humidification-matters.html
http://hackingtheearthship.blogspot.com/2015/04/stairs-and-furnishings.html
http://hackingtheearthship.blogspot.com/2015/04/standard-furniture-dimensions.html
http://hackingtheearthship.blogspot.com/2015/04/using-windows-for-ventilation.html
http://hackingtheearthship.blogspot.com/2015/04/windbreaks-and-snow-fences.html
http://hackingtheearthship.blogspot.com/2015/05/earthbags-newly-free-chapter-inspired.html
http://hackingtheearthship.blogspot.com/feeds/posts/summary?alt=json-in-script&amp;max-results=1000&amp;callback=loadtoc
http://hackingtheearthship.blogspot.com/p/about-this-project.html
http://hackingtheearthship.blogspot.com/p/blog-page_1.html
http://hackingtheearthship.blogspot.com/p/books-worth-look.html
http://hackingtheearthship.blogspot.com/p/chapter-outline.html
http://hackingtheearthship.blogspot.com/p/earthship-academic-research.html
http://hackingtheearthship.blogspot.com/p/high-res-photos.html
http://hackingtheearthship.blogspot.com/p/our-posts.html
http://hackingtheearthship.blogspot.com/p/participate.html
http://hackingtheearthship.blogspot.com/p/press-kit.html
http://hackingtheearthship.blogspot.com/p/reviews.html
http://hackingtheearthship.blogspot.com/p/sell-sheet-one-page.html
http://hackingtheearthship.blogspot.com/p/sell-sheet-one-page.html#
http://hackingtheearthship.blogspot.com/p/the-team.html
http://img.docstoccdn.com/thumb/orig/159038643.png
http://img.docstoccdn.com/thumb/orig/159038643.png&lt;/a&gt
http://img1.blogblog.com/img/icon18_email.gif
http://img2.blogblog.com/img/icon18_edit_allbkg.gif
http://lh3.ggpht.com/-D1LN0E0Jn3Y/VP82rEIvZII/AAAAAAAAJkI/wNe4FE9DT5s/s1600-h/Sigi%252527s%252520Strawbale%25255B7%25255D.jpg
http://lh3.ggpht.com/-Q3_ecBJMASo/VP82k3i08RI/AAAAAAAAJjI/8DssjNyzA0U/s1600-h/EB%252520Visitor%252527s%252520Center%252520%25252814%252529%25255B6%25255D.jpg
http://lh3.ggpht.com/-ZrZZzutk4t4/VP82eiBRXvI/AAAAAAAAJiI/VvMGhfBPRYg/s1600-h/EB%252520Visitor%252527s%252520Center%252520%2525283%252529%25255B6%25255D.jpg
http://lh3.ggpht.com/-d_pasN8o7VM/VKRu-idsm8I/AAAAAAAAJSQ/Vrf9OzX8B2A/s1600-h/DSC05906%252520%252528Medium%252529%25255B4%25255D.jpg
http://lh3.ggpht.com/-g5bqDiZ9bks/VP82bfwyApI/AAAAAAAAJhw/SgAB8Ulbq_Y/Carole%252520Crews%252520Earth%252520Plaster%2525201_thumb%25255B3%25255D.jpg?imgmax=800
http://lh3.ggpht.com/-pL-XlWocssw/VP82ah8dwMI/AAAAAAAAJhk/fxSw4EI1D_s/s1600-h/Carole%252520Crews%252520Earth%252520Plaster%2525201%25255B5%25255D.jpg
http://lh3.ggpht.com/-taW8AHHkIjw/VKRtsCi6SsI/AAAAAAAAJRw/fdBitGizT9k/s1600-h/Earthships5415.jpg
http://lh3.ggpht.com/-u1xbJ55BIvk/VP82g83s-sI/AAAAAAAAJig/sPnSkvNsgUI/EB%252520Visitor%252527s%252520Center%252520%2525286%252529_thumb%25255B4%25255D.jpg?imgmax=800
http://lh3.googleusercontent.com/-8Lkolaw1Hi8/VTfOLtrUXjI/AAAAAAAAJ6g/Q1c45YZ6dw0/s1600-h/Dan%252527s%252520EPIC%252520Garden%252520%2525283%252529.jpg
http://lh3.googleusercontent.com/-BtxcdFVXgsI/VTfVzE7S9JI/AAAAAAAAJ60/dysATL5g-EM/s1600-h/Reach%252520Earthship%252520%2525281%252529%25255B3%25255D.jpg
http://lh3.googleusercontent.com/-HL0C4inxT4Q/VTfXtyR-wiI/AAAAAAAAJ7Q/Ehv-12uZxIU/Chiara%252520%252528114%252529_thumb%25255B2%25255D.jpg?imgmax=800
http://lh3.googleusercontent.com/-HL0C4inxT4Q/VTfXtyR-wiI/AAAAAAAAJ7Q/Ehv-12uZxIU/s72-c/Chiara%252520%252528114%252529_thumb%25255B2%25255D.jpg?imgmax=800
http://lh3.googleusercontent.com/-V2JFkHW1adY/VTfODe2ks3I/AAAAAAAAJ6A/enhejM5E4Zg/s1600-h/Dan%252527s%252520EPIC%252520Garden%252520%2525281%252529.jpg
http://lh3.googleusercontent.com/-XU6-4wluw8w/VTfXtGlw-SI/AAAAAAAAJ7I/eSubvZZuZEo/s1600-h/Chiara%252520%252528114%252529%25255B4%25255D.jpg
http://lh3.googleusercontent.com/-kZX-WFqXJ9E/VTfONKpbLMI/AAAAAAAAJ6o/Y24xBSNKiA0/Dan%252527s%252520EPIC%252520Garden%252520%2525283%252529_thumb.jpg?imgmax=800
http://lh3.googleusercontent.com/-w2tXtqluw9U/VTfOFohvi1I/AAAAAAAAJ6Q/pkZQjkW9Kvw/s1600-h/Dan%252527s%252520EPIC%252520Garden%252520%2525282%252529%25255B1%25255D.jpg
http://lh3.googleusercontent.com/-xQxnMsFmhAM/VTfOE87qqUI/AAAAAAAAJ6I/zckS0tNdQpQ/Dan%252527s%252520EPIC%252520Garden%252520%2525281%252529_thumb.jpg?imgmax=800
http://lh3.googleusercontent.com/-xQxnMsFmhAM/VTfOE87qqUI/AAAAAAAAJ6I/zckS0tNdQpQ/s72-c/Dan%252527s%252520EPIC%252520Garden%252520%2525281%252529_thumb.jpg?imgmax=800
http://lh3.googleusercontent.com/-xjUUWYAaRZk/VTfOJ0vzyFI/AAAAAAAAJ6Y/vaWl7KHg-qM/Dan%252527s%252520EPIC%252520Garden%252520%2525282%252529_thumb%25255B1%25255D.jpg?imgmax=800
http://lh3.googleusercontent.com/-zQoeEKINe9s/VTfVzl0d41I/AAAAAAAAJ68/EQZmiUPqsV8/Reach%252520Earthship%252520%2525281%252529_thumb%25255B1%25255D.jpg?imgmax=800
http://lh3.googleusercontent.com/-zQoeEKINe9s/VTfVzl0d41I/AAAAAAAAJ68/EQZmiUPqsV8/s72-c/Reach%252520Earthship%252520%2525281%252529_thumb%25255B1%25255D.jpg?imgmax=800
http://lh4.ggpht.com/-3rNdjDUKqfA/VP82novSMQI/AAAAAAAAJjg/CJY7qsefni8/EB%252520Visitor%252527s%252520Center%252520%25252816%252529_thumb%25255B2%25255D.jpg?imgmax=800
http://lh4.ggpht.com/-5iRvmiK9Do4/VKQ9OpqlytI/AAAAAAAAJLU/ofu2AScHkyU/s1600-h/seville2.jpg
http://lh4.ggpht.com/-Ae1Sn6Pndnc/VP82fX7zU8I/AAAAAAAAJiQ/1iJy6xeiI8s/EB%252520Visitor%252527s%252520Center%252520%2525283%252529_thumb%25255B4%25255D.jpg?imgmax=800
http://lh4.ggpht.com/-CzGoQ_pRw2c/VP82fxWFRsI/AAAAAAAAJiY/0pQ9uyj8y1c/s1600-h/EB%252520Visitor%252527s%252520Center%252520%2525286%252529%25255B6%25255D.jpg
http://lh4.ggpht.com/-MEsMehK-fHI/VKQ9ML4Ta3I/AAAAAAAAJK0/uZozc3yTNks/s1600-h/Valladolid2.jpg
http://lh4.ggpht.com/-Qy5ltb1HhQs/VP82vQ5jbxI/AAAAAAAAJkw/feZZsjxt07k/The%252520Phoenix%252520%2525283%252529_thumb%25255B8%25255D.jpg?imgmax=800
http://lh4.ggpht.com/-R7Qsu8hT7Pc/VP82u4hdXCI/AAAAAAAAJkk/XeT3Dw8gQo4/s1600-h/The%252520Phoenix%252520%2525283%252529%25255B10%25255D.jpg
http://lh4.ggpht.com/-Wz-4uqzAK3w/VP82udOHcMI/AAAAAAAAJkg/lGfVo62DNPk/The%252520Phoenix%252520%2525282%252529_thumb%25255B9%25255D.jpg?imgmax=800
http://lh4.ggpht.com/-XMhEggeHBhY/VP82switeXI/AAAAAAAAJkQ/D2uNzez3otU/Sigi%252527s%252520Strawbale_thumb%25255B5%25255D.jpg?imgmax=800
http://lh4.ggpht.com/-fiPCmlydO70/VP82ma5fnTI/AAAAAAAAJjQ/oAM9zTTpsFg/EB%252520Visitor%252527s%252520Center%252520%25252814%252529_thumb%25255B4%25255D.jpg?imgmax=800
http://lh4.ggpht.com/-hxDz7pr78mI/VP82pFA06oI/AAAAAAAAJjw/UiLv_aGcQxU/Isa%252527s%252520Pithouse%252520and%252520Reciprocal%252520Roof_thumb%25255B3%25255D.jpg?imgmax=800
http://lh4.ggpht.com/-pBfmaS1-xYU/VP82jFtcAeI/AAAAAAAAJiw/ciXWSTqzB0s/EB%252520Visitor%252527s%252520Center%252520%2525289%252529_thumb%25255B3%25255D.jpg?imgmax=800
http://lh4.ggpht.com/-rHZ7VF0APQE/VP82tnHautI/AAAAAAAAJkY/BvdjcZDjRFM/s1600-h/The%252520Phoenix%252520%2525282%252529%25255B9%25255D.jpg
http://lh4.ggpht.com/-tSDnmoBcr24/VP82jsJKDtI/AAAAAAAAJi0/XVyALGTVgSw/s1600-h/EB%252520Visitor%252527s%252520Center%252520%25252813%252529%25255B6%25255D.jpg
http://lh5.ggpht.com/-Bvu7ZODrlm0/VP82m0Q-NoI/AAAAAAAAJjY/6EWmKyrUMmI/s1600-h/EB%252520Visitor%252527s%252520Center%252520%25252816%252529%25255B4%25255D.jpg
http://lh5.ggpht.com/-C642Y-aU67Q/VP82pysijuI/AAAAAAAAJj4/7-gLGONOlug/s1600-h/Reach%252520Earthship%252520%2525281%252529%25255B6%25255D.jpg
http://lh5.ggpht.com/-KbES3kqnOKY/VKRttOQwX0I/AAAAAAAAJSA/YUqMrs0G2i8/s1600-h/Earthships195.jpg
http://lh5.ggpht.com/-M6-bXWvL964/VKQ9K0s9PiI/AAAAAAAAJKk/DWAQ2etCw_8/s1600-h/Paris2.jpg
http://lh5.ggpht.com/-Pv-SrjQWuXc/VKQ9Nj5qwHI/AAAAAAAAJLE/2_8kNcGf04U/s1600-h/Albacete2.jpg
http://lh5.ggpht.com/-R57FoIH6meU/VKQ_EarvEkI/AAAAAAAAJLo/HdgOKCsFA7M/s1600-h/kruis%252520and%252520heun%25255B3%25255D.jpg
http://lh5.ggpht.com/-pPtD9ju_QCc/VP82XpZft8I/AAAAAAAAJhQ/fH9yl2WUgZQ/Bottle%252520Walls%252520%2525281%252529_thumb%25255B3%25255D.jpg?imgmax=800
http://lh5.ggpht.com/-pPtD9ju_QCc/VP82XpZft8I/AAAAAAAAJhQ/fH9yl2WUgZQ/s72-c/Bottle%252520Walls%252520%2525281%252529_thumb%25255B3%25255D.jpg?imgmax=800
http://lh5.ggpht.com/-q4KPlpipGLI/VP82aOXR19I/AAAAAAAAJhg/gExZhah2x3c/Bottle%252520Walls%252520%2525284%252529_thumb%25255B3%25255D.jpg?imgmax=800
http://lh5.ggpht.com/-yRHvUE1a6L0/VKRvKfqXJhI/AAAAAAAAJSg/Me5klkh-lyI/s1600-h/Debra9814Custom2.jpg
http://lh6.ggpht.com/-BWGWepzWY7g/VP82YacR01I/AAAAAAAAJhY/ANYMHI5uoik/s1600-h/Bottle%252520Walls%252520%2525284%252529%25255B5%25255D.jpg
http://lh6.ggpht.com/-DSUJB0VSAnI/VP82oFVuBDI/AAAAAAAAJjo/J8TC-PGZ6lU/s1600-h/Isa%252527s%252520Pithouse%252520and%252520Reciprocal%252520Roof%25255B5%25255D.jpg
http://lh6.ggpht.com/-T2AxLp5Nilo/VP82qbyVYaI/AAAAAAAAJkA/92yqadQ1eCQ/Reach%252520Earthship%252520%2525281%252529_thumb%25255B4%25255D.jpg?imgmax=800
http://lh6.ggpht.com/-j6N6FWeKz4Y/VKRvK4oqvGI/AAAAAAAAJSo/GeqO5NRePW4/Debra9814Custom_thumb.jpg?imgmax=800
http://lh6.ggpht.com/-j6N6FWeKz4Y/VKRvK4oqvGI/AAAAAAAAJSo/GeqO5NRePW4/s72-c/Debra9814Custom_thumb.jpg?imgmax=800
http://lh6.ggpht.com/-kvwdN3wwp84/VP82VwF7nOI/AAAAAAAAJhI/voQMDX9Gjdk/s1600-h/Bottle%252520Walls%252520%2525281%252529%25255B5%25255D.jpg
http://lh6.ggpht.com/-nQsHfclwaRg/VP82hWWJheI/AAAAAAAAJio/EnQlneDPpyk/s1600-h/EB%252520Visitor%252527s%252520Center%252520%2525289%252529%25255B5%25255D.jpg
http://lh6.ggpht.com/-qe96hD4jFHo/VP82kDXiAfI/AAAAAAAAJjA/V1PYWc9KbEQ/EB%252520Visitor%252527s%252520Center%252520%25252813%252529_thumb%25255B4%25255D.jpg?imgmax=800
http://lh6.ggpht.com/-yCs86wlJtwo/VKQ9JjEPQHI/AAAAAAAAJKU/EAmu5EadqHg/s1600-h/London2.jpg
http://naturalhomes.org/
http://naturalhomes.org/&amp;quot;&amp;gt;Natural
http://naturalhomes.org/natural-building-workshops.htm
http://newbloggerthemes.com/
http://newbloggerthemes.com/heradinomag-blogger-template/
http://purl.org/atom/app#
http://purl.org/syndication/thread/1.0
http://rachelprestonprinz.blogspot.com/2014/08/earthship-biotecture-tour-at-unm-taos.html
http://rachelprestonprinz.blogspot.com/2014/08/earthships-phoenix.html
http://rachelprestonprinz.blogspot.com/2015/03/author-bio.html
http://sam.zoy.org/wtfpl/
http://schema.org/BlogPosting
http://schema.org/Person
http://schemas.google.com/blogger/2008/kind#page
http://schemas.google.com/blogger/2008/kind#post
http://schemas.google.com/blogger/2008/kind#settings
http://schemas.google.com/blogger/2008/kind#template
http://schemas.google.com/g/2005
http://schemas.google.com/g/2005#feed
http://schemas.google.com/g/2005#kind
http://schemas.google.com/g/2005#post
http://schemas.google.com/g/2005#thumbnail
http://search.yahoo.com/mrss/
http://search.yahoo.com/r/_ylt=A0oGdSXgYU5PjDAAXxpXNyoA;_ylu=X3oDMTE1cmliMWNoBHNlYwNzcgRwb3MDNwRjb2xvA3NrMQR2dGlkA1ZJUDEyOF8yNjE-/SIG=130b5b7ko/EXP=1330565728/
http://search.yahoo.com/r/_ylt=A0oGdWVaEFFP5zgALxJXNyoA;_ylu=X3oDMTE1NW9kdnE4BHNlYwNzcgRwb3MDMQRjb2xvA3NrMQR2dGlkA1NNRTA5Nl8yNjk-/SIG=125pbde39/EXP=1330741466/
http://taos.unm.edu/
http://us1.campaign-archive2.com/?u=11e77b0bfd0ddc97f4d53c6cc&amp;amp;id=2dc198c87a&amp;amp;e=1362723586
http://www.alistapart.com/articles/creating-intrinsic-ratios-for-video/
http://www.amazon.com/gp/product/026254069X/ref=as_li_tl?ie=UTF8&amp;amp;camp=1789&amp;amp;creative=9325&amp;amp;creativeASIN=026254069X&amp;amp;linkCode=as2&amp;amp;tag=archinia-20&amp;amp;linkId=BSC6TPESJR4JF2IJ%22%3eDwelling%20House%20Construction,%20Fifth%20Edition%3c%5Ca%3e%3cimg%20src=%22http:%5Cir-na.amazon-adsystem.com%5Ce%5Cir?t=archinia-20&amp;amp;l=as2&amp;amp;o=1&amp;amp;a=026254069X
http://www.amazon.com/gp/product/0470945788/ref=as_li_qf_sp_asin_il_tl?ie=UTF8&amp;amp;camp=1789&amp;amp;creative=9325&amp;amp;creativeASIN=0470945788&amp;amp;linkCode=as2&amp;amp;tag=archinia-20&amp;amp;linkId=6SLA4NEPDC6HLNCO
http://www.amazon.com/gp/product/0615592708/ref=as_li_qf_sp_asin_il_tl?ie=UTF8&amp;amp;camp=1789&amp;amp;creative=9325&amp;amp;creativeASIN=0615592708&amp;amp;linkCode=as2&amp;amp;tag=archinia-20&amp;amp;linkId=46QSV3Z24J3ZXCTR
http://www.amazon.com/gp/product/0875969143/ref=as_li_qf_sp_asin_il_tl?ie=UTF8&amp;amp;camp=1789&amp;amp;creative=9325&amp;amp;creativeASIN=0875969143&amp;amp;linkCode=as2&amp;amp;tag=archinia-20&amp;amp;linkId=FYIVIKC4AUHT4OF7
http://www.amazon.com/gp/product/0878572376/ref=as_li_tl?ie=UTF8&amp;amp;camp=1789&amp;amp;creative=9325&amp;amp;creativeASIN=0878572376&amp;amp;linkCode=as2&amp;amp;tag=archinia-20&amp;amp;linkId=RTIOJ4JL2W2XSXUL%22%3eThe%20Passive%20Solar%20Energy%20Book:%20A%20Complete%20Guide%20to%20Passive%20Solar%20Home,%20Greenhouse%20and%20Building%20Design%3c%5Ca%3e%3cimg%20src=%22http:%5Cir-na.amazon-adsystem.com%5Ce%5Cir?t=archinia-20&amp;amp;l=as2&amp;amp;o=1&amp;amp;a=0878572376
http://www.amazon.com/gp/product/0931790220/ref=as_li_tl?ie=UTF8&amp;amp;camp=1789&amp;amp;creative=9325&amp;amp;creativeASIN=0931790220&amp;amp;linkCode=as2&amp;amp;tag=archinia-20&amp;amp;linkId=YZCSV6T3SNELPGR3%22%3ePassive%20Solar%20Energy:%20The%20Homeowner%27s%20Guide%20to%20Natural%20Heating%20and%20Cooling%3c%5Ca%3e%3cimg%20src=%22http:%5Cir-na.amazon-adsystem.com%5Ce%5Cir?t=archinia-20&amp;amp;l=as2&amp;amp;o=1&amp;amp;a=0931790220
http://www.amazon.com/gp/product/0962676705/ref=as_li_qf_sp_asin_il_tl?ie=UTF8&amp;amp;camp=1789&amp;amp;creative=9325&amp;amp;creativeASIN=0962676705&amp;amp;linkCode=as2&amp;amp;tag=archinia-20&amp;amp;linkId=EAO6VH7B4R7P52NJ
http://www.amazon.com/gp/product/0962676713/ref=as_li_qf_sp_asin_il_tl?ie=UTF8&amp;amp;camp=1789&amp;amp;creative=9325&amp;amp;creativeASIN=0962676713&amp;amp;linkCode=as2&amp;amp;tag=archinia-20&amp;amp;linkId=YPKA7DNGJBECUFNQ
http://www.amazon.com/gp/product/0962676721/ref=as_li_qf_sp_asin_il_tl?ie=UTF8&amp;amp;camp=1789&amp;amp;creative=9325&amp;amp;creativeASIN=0962676721&amp;amp;linkCode=as2&amp;amp;tag=archinia-20&amp;amp;linkId=KV3A6TTUH5UEHXYG
http://www.amazon.com/gp/product/0965908216/ref=as_li_qf_sp_asin_il_tl?ie=UTF8&amp;amp;camp=1789&amp;amp;creative=9325&amp;amp;creativeASIN=0965908216&amp;amp;linkCode=as2&amp;amp;tag=archinia-20&amp;amp;linkId=BHH2GSWYMM7BZWFY
http://www.amazon.com/gp/product/096798467X/ref=as_li_qf_sp_asin_il_tl?ie=UTF8&amp;amp;camp=1789&amp;amp;creative=9325&amp;amp;creativeASIN=096798467X&amp;amp;linkCode=as2&amp;amp;tag=archinia-20&amp;amp;linkId=66AG7NOHLHXJU3SG
http://www.amazon.com/gp/product/0970804504/ref=as_li_qf_sp_asin_il_tl?ie=UTF8&amp;amp;camp=1789&amp;amp;creative=9325&amp;amp;creativeASIN=0970804504&amp;amp;linkCode=as2&amp;amp;tag=archinia-20&amp;amp;linkId=RBQUXXJJB3TSRABH
http://www.amazon.com/gp/product/0980181240/ref=as_li_qf_sp_asin_il_tl?ie=UTF8&amp;amp;camp=1789&amp;amp;creative=9325&amp;amp;creativeASIN=0980181240&amp;amp;linkCode=as2&amp;amp;tag=archinia-20&amp;amp;linkId=LM2ZS4SBWYNWAEJF
http://www.amazon.com/gp/product/0984222901/ref=as_li_tl?ie=UTF8&amp;amp;camp=1789&amp;amp;creative=9325&amp;amp;creativeASIN=0984222901&amp;amp;linkCode=as2&amp;amp;tag=archinia-20&amp;amp;linkId=4URTMXBOERAZ4C5S%22%3eClay%20Culture:%20Plasters,%20Paints%20and%20Preservation%3c%5Ca%3e%3cimg%20src=%22http:%5Cir-na.amazon-adsystem.com%5Ce%5Cir?t=archinia-20&amp;amp;l=as2&amp;amp;o=1&amp;amp;a=0984222901
http://www.amazon.com/gp/product/1101873477/ref=as_li_qf_sp_asin_il_tl?ie=UTF8&amp;amp;camp=1789&amp;amp;creative=9325&amp;amp;creativeASIN=1101873477&amp;amp;linkCode=as2&amp;amp;tag=archinia-20&amp;amp;linkId=5Y2ELO6IZUGOYJSY
http://www.amazon.com/gp/product/1118458346/ref=as_li_tl?ie=UTF8&amp;amp;camp=1789&amp;amp;creative=9325&amp;amp;creativeASIN=1118458346&amp;amp;linkCode=as2&amp;amp;tag=archinia-20&amp;amp;linkId=BF77T2GR5743NMRM%22%3eBuilding%20Construction%20Illustrated%3c%5Ca%3e%3cimg%20src=%22http:%5Cir-na.amazon-adsystem.com%5Ce%5Cir?t=archinia-20&amp;amp;l=as2&amp;amp;o=1&amp;amp;a=1118458346
http://www.amazon.com/gp/product/1580010784/ref=as_li_tl?ie=UTF8&amp;amp;camp=1789&amp;amp;creative=9325&amp;amp;creativeASIN=1580010784&amp;amp;linkCode=as2&amp;amp;tag=archinia-20&amp;amp;linkId=2YCDSYK7T26LPI5V%22%3eHomebuilding%20debt-free:%20A%20guide%20for%20the%20owner-builder%3c%5Ca%3e%3cimg%20src=%22http:%5Cir-na.amazon-adsystem.com%5Ce%5Cir?t=archinia-20&amp;amp;l=as2&amp;amp;o=1&amp;amp;a=1580010784
http://www.amazon.com/gp/product/1580081789/ref=as_li_tl?ie=UTF8&amp;amp;camp=1789&amp;amp;creative=9325&amp;amp;creativeASIN=1580081789&amp;amp;linkCode=as2&amp;amp;tag=archinia-20&amp;amp;linkId=ZNHEUV2OTJRL4ERO%22%3eBuilding%20Your%20Own%20House:%20Everything%20You%20Need%20to%20Know%20about%20Home%20Construction%20from%20Start%20to%20Finish%3c%5Ca%3e%3cimg%20src=%22http:%5Cir-na.amazon-adsystem.com%5Ce%5Cir?t=archinia-20&amp;amp;l=as2&amp;amp;o=1&amp;amp;a=1580081789
http://www.amazon.com/gp/product/1600850472/ref=as_li_tl?ie=UTF8&amp;amp;camp=1789&amp;amp;creative=9325&amp;amp;creativeASIN=1600850472&amp;amp;linkCode=as2&amp;amp;tag=archinia-20&amp;amp;linkId=2XFVUOZPDLBAOX6R%22%3eNot%20So%20Big%20House,%20The:%20A%20Blueprint%20for%20the%20Way%20We%20Really%20Live%20%28Susanka%29%3c%5Ca%3e%3cimg%20src=%22http:%5Cir-na.amazon-adsystem.com%5Ce%5Cir?t=archinia-20&amp;amp;l=as2&amp;amp;o=1&amp;amp;a=1600850472
http://www.amazon.com/gp/product/1603580654/ref=as_li_tl?ie=UTF8&amp;amp;camp=1789&amp;amp;creative=9325&amp;amp;creativeASIN=1580010784&amp;amp;linkCode=as2&amp;amp;tag=archinia-20&amp;amp;linkId=2YCDSYK7T26LPI5V%22%3eMortgage%20Free%21:%20Innovative%20Strategies%20for%20Debt-Free%20Home%20Ownership%3c%5Ca%3e%3cimg%20src=%22http:%5Cir-na.amazon-adsystem.com%5Ce%5Cir?t=archinia-20&amp;amp;l=as2&amp;amp;o=1&amp;amp;a=1603580654
http://www.amazon.com/gp/product/1603582576/ref=as_li_qf_sp_asin_il_tl?ie=UTF8&amp;amp;camp=1789&amp;amp;creative=9325&amp;amp;creativeASIN=1603582576&amp;amp;linkCode=as2&amp;amp;tag=archinia-20&amp;amp;linkId=3SLNJ6TEJYOF2WJD
http://www.amazon.com/gp/product/1844133001/ref=as_li_qf_sp_asin_il_tl?ie=UTF8&amp;amp;camp=1789&amp;amp;creative=9325&amp;amp;creativeASIN=1844133001&amp;amp;linkCode=as2&amp;amp;tag=archinia-20&amp;amp;linkId=FUVNVPNT2LI6IITC
http://www.amazon.com/gp/product/1844133001/ref=as_li_qf_sp_asin_il_tl?ie=UTF8&amp;amp;camp=1789&amp;amp;creative=9325&amp;amp;creativeASIN=1844133001&amp;amp;linkCode=as2&amp;amp;tag=archinia-20&amp;amp;linkId=LK3WNOJV7MEAJPXY
http://www.amazon.com/gp/product/1848062362/ref=as_li_qf_sp_asin_il_tl?ie=UTF8&amp;amp;camp=1789&amp;amp;creative=9325&amp;amp;creativeASIN=1848062362&amp;amp;linkCode=as2&amp;amp;tag=archinia-20&amp;amp;linkId=OEF3DVMO3R3DCP2W
http://www.amazon.com/gp/product/1890132020/ref=as_li_qf_sp_asin_il_tl?ie=UTF8&amp;amp;camp=1789&amp;amp;creative=9325&amp;amp;creativeASIN=1890132020&amp;amp;linkCode=as2&amp;amp;tag=archinia-20&amp;amp;linkId=OERZEW4OAFNEESU4
http://www.amazon.com/gp/product/B000O8D3HU/ref=as_li_tl?ie=UTF8&amp;amp;camp=1789&amp;amp;creative=9325&amp;amp;creativeASIN=B000O8D3HU&amp;amp;linkCode=as2&amp;amp;tag=archinia-20&amp;amp;linkId=F7BMAAJIGBQ76YRE%22%3eDesign%20with%20Climate:%20Bioclimatic%20Approach%20to%20Architectural%20Regionalism%3c%5Ca%3e%3cimg%20src=%22http:%5Cir-na.amazon-adsystem.com%5Ce%5Cir?t=archinia-20&amp;amp;l=as2&amp;amp;o=1&amp;amp;a=B000O8D3HU
http://www.amazon.com/gp/product/B003YJEZ5K/ref=as_li_qf_sp_asin_il_tl?ie=UTF8&amp;amp;camp=1789&amp;amp;creative=9325&amp;amp;creativeASIN=B003YJEZ5K&amp;amp;linkCode=as2&amp;amp;tag=archinia-20&amp;amp;linkId=SJ7BDHTJTGWU6GQP
http://www.amazon.com/gp/product/B00ADMKNNO/ref=as_li_qf_sp_asin_il_tl?ie=UTF8&amp;amp;camp=1789&amp;amp;creative=9325&amp;amp;creativeASIN=B00ADMKNNO&amp;amp;linkCode=as2&amp;amp;tag=archinia-20&amp;amp;linkId=SKTYA2GYEAF6KT6O
http://www.archinia.com/
http://www.archinia.com/images/stories/pdfs/author/Hacking%20One%20Page.pdf
http://www.archinia.com/images/stories/pdfs/author/Press%20Kit.pdf
http://www.archinia.com/images/stories/pdfs/earthshipresearch/Brighton.pdf
http://www.archinia.com/images/stories/pdfs/earthshipresearch/Complete%20Concrete%20Takeoff.pdf
http://www.archinia.com/images/stories/pdfs/earthshipresearch/FreneySoebartoWilliamson2012.pdf
http://www.archinia.com/images/stories/pdfs/earthshipresearch/FreneySoebartoWilliamson2013.pdf
http://www.archinia.com/images/stories/pdfs/earthshipresearch/kruisandheun.pdf
http://www.archinia.com/images/stories/pdfs/earthshipresearch/kuil.pdf
http://www.archinia.com/images/stories/pdfs/earthshipresearch/zimm%20burger%20nolan.pdf
http://www.archinia.com/index.php/27-latest-projects/390-hacking-the-earthship
http://www.bbinsurance.com/
http://www.beyondwildflowers.com&lt;/a&gt;&lt;br
http://www.beyondwildflowers.com/
http://www.blogger.com/
http://www.blogger.com/atom/ns#
http://www.brighthub.com/environment/green-living/articles/93083.aspx
http://www.buildnaturally.com/
http://www.buildnaturally.com/EDucate/Workshops/WO.htm
http://www.calrecycle.ca.gov/Publications/Documents/1509%5C20141509.pdf
http://www.cancer.org/Cancer/CancerCauses/OtherCarcinogens/IntheWorkplace/benzene
http://www.ccathsu.com/askccat/do-earthship-tire-constructions-pose-health-risks
http://www.cdc.gov/exposurereport/data_tables/Arsenic_ChemicalInformation.html
http://www.cdc.gov/niosh/pel88/67-64.html
http://www.conceptgreen.net/
http://www.daniellelaporte.com/?dlap=26812
http://www.earthshipironbank.com.au/research.html
http://www.earthshipironbank.com.au/research.html&lt;/div&gt;&lt;div
http://www.earthshipironbank.com.au/research.html&lt;/i&gt;&lt;/a&gt;&lt;i&gt;&lt;/i&gt
http://www.earthwise.ca/prods.html
http://www.ec.gc.ca/ese-ees/default.asp?lang=En&amp;amp;n=2CF34283-1
http://www.ehhi.org/reports/turf/health_effects.shtml
http://www.emburinteriors.com
http://www.epa.gov/border2012/fora/waste-forum/docs/ScrapTireHandbook_US-Mexico2010-LR.pdf
http://www.epa.gov/ttn/atw/hlthef/cadmium.html
http://www.floweringtreepermaculture.com/
http://www.georss.org/georss
http://www.google.com/2005/gml/b
http://www.google.com/2005/gml/data
http://www.google.com/2005/gml/expr
http://www.lamafoundation.org/
http://www.landart.info/
http://www.mollysastrology.com/map
http://www.oehha.ca.gov/air/toxic_contaminants/html/Nickel.htm
http://www.paulirish.com/2012/box-sizing-border-box-ftw/
http://www.simplewpthemes.com/
http://www.thehiveabq.com/
http://www.thesustainabilityproject.org/pdfs/6indoor.pdf
http://www.w3.org/1999/xhtml
http://www.w3.org/2005/Atom
https://1.bp.blogspot.com/--TG5OhmQmG0/VsSkj02SjjI/AAAAAAAAL6k/bYSJIlGTXZA/s1600/DSC05881%2B%2528Medium%2529.JPG
https://1.bp.blogspot.com/--TG5OhmQmG0/VsSkj02SjjI/AAAAAAAAL6k/bYSJIlGTXZA/s640/DSC05881%2B%2528Medium%2529.JPG
https://1.bp.blogspot.com/-359x1Y9mHPI/U-eIid22n9I/AAAAAAAAIGc/a0W1_WWfzV8/s1600/DSC05844+(Large).JPG
https://1.bp.blogspot.com/-3BgEBB8G6J8/U-eIpB9pP-I/AAAAAAAAIIA/3g1y4DGN0DA/s1600/DSC05866+(Large).JPG
https://1.bp.blogspot.com/-7dwuafvHs6o/U-eIp2txM_I/AAAAAAAAIIQ/44TSfyg9ZTU/s1600/DSC05868+(Large).JPG
https://1.bp.blogspot.com/-9PMmavQJlHQ/U-eEjok375I/AAAAAAAAH_s/RqAGIEWGl4E/s1600/DSC05884+(Large).JPG
https://1.bp.blogspot.com/-DGQXS2_MXyw/U-eIY6FPA0I/AAAAAAAAIEU/39ByIsCEdtk/s1600/DSC05817+(Large).JPG
https://1.bp.blogspot.com/-DYZLW0_RkYQ/U-eEufmPLlI/AAAAAAAAIB8/IhkMG5HLRS4/s1600/DSC05906+(Large).JPG
https://1.bp.blogspot.com/-JPtRvHbP694/U-eIdmf4LHI/AAAAAAAAIFc/EPSky-n5n1U/s1600/DSC05835+(Large).JPG
https://1.bp.blogspot.com/-J_tehj4q29s/U-eEhH3CSlI/AAAAAAAAH_Q/xNS9ANVTFTU/s1600/DSC05879+(Large).JPG
https://1.bp.blogspot.com/-KnKYyEt2LQA/U-eImSbCUfI/AAAAAAAAIHU/2dt2E-M84jk/s1600/DSC05857+(Large).JPG
https://1.bp.blogspot.com/-NFuI9g5Iy_g/U-eEuVUZTqI/AAAAAAAAICE/6ul1EXg2xDI/s1600/DSC05907+(Large).JPG
https://1.bp.blogspot.com/-P1UfrYm0KFQ/U-eEluIZbQI/AAAAAAAAIAE/1yxgkyW3ltQ/s1600/DSC05887+(Large).JPG
https://1.bp.blogspot.com/-TBAhNtLDSGU/U-eIZBX5-sI/AAAAAAAAIEg/ZwatlooR6Lc/s1600/DSC05822+(Large).JPG
https://1.bp.blogspot.com/-Tbn4hCO5FZw/U-eIcJyfD2I/AAAAAAAAIFE/dk2RP5EZB38/s1600/DSC05832+(Large).JPG
https://1.bp.blogspot.com/-Wwv1wtMbHmY/U-eEsBysMnI/AAAAAAAAIBk/8ZraHNIb7c8/s1600/DSC05902+(Large).JPG
https://1.bp.blogspot.com/-YEUXuwsPjP8/U-eItx13x4I/AAAAAAAAIJI/I7JuerfMVtQ/s1600/DSC05875+(Large).JPG
https://1.bp.blogspot.com/-ZAOH87OHQQE/U-eIbhos4DI/AAAAAAAAIE8/h3-0MZH-RFg/s1600/DSC05826+(Large).JPG
https://1.bp.blogspot.com/-aovD0QPtA8s/U-eEihwiXnI/AAAAAAAAH_o/O2woQ2I2Lh0/s1600/DSC05883+(Large).JPG
https://1.bp.blogspot.com/-dCwBGpAQoJE/U-eIm9EC8YI/AAAAAAAAIHc/TcLUoFcmBNI/s1600/DSC05858+(Large).JPG
https://1.bp.blogspot.com/-det61iFr85A/U-eIWAcEEbI/AAAAAAAAIDs/gncmKIbAd3A/s1600/DSC05804+(Large).JPG
https://1.bp.blogspot.com/-hw4144dkKgE/U-eErc4EspI/AAAAAAAAIBc/CjRIX7DCiI4/s1600/DSC05899+(Large).JPG
https://1.bp.blogspot.com/-nKYIcQgbacY/U-eIYlxGdFI/AAAAAAAAIEQ/FgxQFeuXVp8/s1600/DSC05815+(Large).JPG
https://1.bp.blogspot.com/-oQgwRTqkL-w/U-eIc0eOJoI/AAAAAAAAIFU/ER7SlWI0cVw/s1600/DSC05833+(Large).JPG
https://1.bp.blogspot.com/-qjJXLedJ89c/U-eEx9hNHoI/AAAAAAAAIDI/VGrC9Drisgw/s1600/DSC05920+(Large).JPG
https://1.bp.blogspot.com/-rlcKog2SqXE/VVpMpklSUiI/AAAAAAAAJ-I/KmaeshKv18I/s320/earthbags.jpg
https://1.bp.blogspot.com/-rlcKog2SqXE/VVpMpklSUiI/AAAAAAAAJ-I/KmaeshKv18I/s72-c/earthbags.jpg
https://2.bp.blogspot.com/-1c1RBRf7M14/U-eIgmOEihI/AAAAAAAAIGA/A64XkXbbNvQ/s1600/DSC05839+(Large).JPG
https://2.bp.blogspot.com/-4Lhhl1gcpos/U-eEu3HKxdI/AAAAAAAAICI/2V2zUGSBlC0/s1600/DSC05908+(Large).JPG
https://2.bp.blogspot.com/-6JxWK4HhN-E/U-eEttuO6-I/AAAAAAAAIBw/sa13FqXIo9c/s1600/DSC05904+(Large).JPG
https://2.bp.blogspot.com/-88VQgOIlvCs/U-eEpgd__lI/AAAAAAAAIA4/JJjIKhqPXDk/s1600/DSC05896+(Large).JPG
https://2.bp.blogspot.com/-BA6n3i5cEHI/U-eIpRwS5dI/AAAAAAAAIII/sCXPtQ3GdXA/s1600/DSC05867+(Large).JPG
https://2.bp.blogspot.com/-JDPES-E9otw/U-eIjHl0AyI/AAAAAAAAIGo/UJvyXaSsmKA/s1600/DSC05847+(Large).JPG
https://2.bp.blogspot.com/-NELF34FpP9k/U-eIrYp_rGI/AAAAAAAAIIo/hFDEFllcI64/s1600/DSC05871+(Large).JPG
https://2.bp.blogspot.com/-NRVErAMXOG8/U-eIaPt-2fI/AAAAAAAAIEw/zALj_wIB0UQ/s1600/DSC05825+(Large).JPG
https://2.bp.blogspot.com/-SM8vafR_bR4/U-eEkKFy6kI/AAAAAAAAH_0/1VGZ-gTeqW8/s1600/DSC05885+(Large).JPG
https://2.bp.blogspot.com/-YM_E6-rn1ls/U-eEmGDmtfI/AAAAAAAAIAQ/b_a2MkAYkLc/s1600/DSC05888+(Large).JPG
https://2.bp.blogspot.com/-Yr24y7kUH2U/U-eIr8aRDlI/AAAAAAAAIIw/26vgIRKe8B0/s1600/DSC05872+(Large).JPG
https://2.bp.blogspot.com/-bEYxK-28O_E/U-eIkAWBhDI/AAAAAAAAIG4/tO0lWBaKDC8/s1600/DSC05849+(Large).JPG
https://2.bp.blogspot.com/-eSUBTdWp0qc/U-eIrdyDbeI/AAAAAAAAIIg/Q9J1kAVe8y8/s1600/DSC05870+(Large).JPG
https://2.bp.blogspot.com/-ebBN4baHeHM/U-eIbpDAxXI/AAAAAAAAIFA/h_nNetTS-WM/s1600/DSC05828+(Large).JPG
https://2.bp.blogspot.com/-goOpBupbgV4/U-eEo5Ff7AI/AAAAAAAAIAo/nixDsBwMshQ/s1600/DSC05892+(Large).JPG
https://2.bp.blogspot.com/-iUzzrBhJbiM/U-eIgC1Ia1I/AAAAAAAAIF4/lrr8t4BOUTY/s1600/DSC05838+(Large).JPG
https://2.bp.blogspot.com/-kBa9zb_nDdQ/U-eIX9uybRI/AAAAAAAAIEE/5Ttqlxtq6tc/s1600/DSC05814+(Large).JPG
https://2.bp.blogspot.com/-l-fsLMPcSY4/U-eErukI9AI/AAAAAAAAIBY/SfvASJAeZrQ/s1600/DSC05901+(Large).JPG
https://2.bp.blogspot.com/-r5xF0fsMn3g/U-eE6leKh8I/AAAAAAAAIDY/IJXXSUAgSx0/s1600/DSC05927+(Large).JPG
https://2.bp.blogspot.com/-x9hdDYsql5U/U-eIjlqITZI/AAAAAAAAIG0/wnbCtG4aOIU/s1600/DSC05848+(Large).JPG
https://3.bp.blogspot.com/-288YptFf3zE/U-eEhpDjU8I/AAAAAAAAH_U/oC8RuawZjNA/s1600/DSC05878+(Large).JPG
https://3.bp.blogspot.com/-288YptFf3zE/U-eEhpDjU8I/AAAAAAAAH_U/oC8RuawZjNA/s72-c/DSC05878+(Large).JPG
https://3.bp.blogspot.com/-5-kGufeJQY8/U-eEyf1mz-I/AAAAAAAAIDE/Qrsr8VWQwJ4/s1600/DSC05925+(Large).JPG
https://3.bp.blogspot.com/-9huFB-7a6Ag/U-eExNpp7RI/AAAAAAAAIC0/l9Akllo-n5s/s1600/DSC05914+(Large).JPG
https://3.bp.blogspot.com/-AU1eFqfzCxo/U-eElCblGrI/AAAAAAAAIAA/c2ME6dzxsG4/s1600/DSC05886+(Large).JPG
https://3.bp.blogspot.com/-BgwuiRIVzn4/U-eIogeXdHI/AAAAAAAAIH4/5J7hIaxj-Os/s1600/DSC05865+(Large).JPG
https://3.bp.blogspot.com/-HSw9srJhjpk/U-eEqMxsJ6I/AAAAAAAAIBE/OuBg5AscMsU/s1600/DSC05897+(Large).JPG
https://3.bp.blogspot.com/-NpHjomlQe8s/U-eIVxvaSdI/AAAAAAAAIDo/nj0SU99-DRg/s1600/DSC05802+(Large).JPG
https://3.bp.blogspot.com/-NzUdH7XUzpk/U-eEvx0gtDI/AAAAAAAAICc/knEt5VFWpfQ/s1600/DSC05910+(Large).JPG
https://3.bp.blogspot.com/-OjlvAtK_a30/U-eIkppkMpI/AAAAAAAAIHE/gvz4a8NaJVM/s1600/DSC05850+(Large).JPG
https://3.bp.blogspot.com/-T_CnIz6lYkk/U-eInhX5k3I/AAAAAAAAIHs/axT6-rNvTKE/s1600/DSC05859+(Large).JPG
https://3.bp.blogspot.com/-amKJfucTCeM/U-eIfdNF9oI/AAAAAAAAIFw/eV-0vTphgTI/s1600/DSC05837+(Large).JPG
https://3.bp.blogspot.com/-bhicOZceZaQ/U-eIilsqM5I/AAAAAAAAIGg/M2jPeHsQ8NE/s1600/DSC05846+(Large).JPG
https://3.bp.blogspot.com/-c7lW9NwvP_I/VKgG93HCi-I/AAAAAAAAJVQ/LW21EJQG4r4/s1600/Pratiks%2B(7).JPG
https://3.bp.blogspot.com/-c7lW9NwvP_I/VKgG93HCi-I/AAAAAAAAJVQ/LW21EJQG4r4/s72-c/Pratiks%2B(7).JPG
https://3.bp.blogspot.com/-cZf1wmbIXWM/U-eEwpOY4FI/AAAAAAAAICs/7fT_M0uDrrw/s1600/DSC05912+(Large).JPG
https://3.bp.blogspot.com/-fewE3_ZwzGY/U-eEs6cnQCI/AAAAAAAAIBo/X7JIIXLW43k/s1600/DSC05903+(Large).JPG
https://3.bp.blogspot.com/-j_KkD52rpCo/U-eIWvzlb4I/AAAAAAAAID8/FgT2Jf11RXQ/s1600/DSC05810+(Large).JPG
https://3.bp.blogspot.com/-t1GIrbUn9Mk/U-eEqycP-BI/AAAAAAAAIBQ/i9M6gIOitlM/s1600/DSC05900+(Large).JPG
https://3.bp.blogspot.com/-tJmvSg6j41o/U-eIVvalewI/AAAAAAAAIDk/xgFYxONH8A8/s1600/DSC05801+(Large).JPG
https://3.bp.blogspot.com/-tJmvSg6j41o/U-eIVvalewI/AAAAAAAAIDk/xgFYxONH8A8/s72-c/DSC05801+(Large).JPG
https://3.bp.blogspot.com/-uJWLptv3ix4/U-eIZs7S4ZI/AAAAAAAAIEo/Md-tKHp_Lkk/s1600/DSC05824+(Large).JPG
https://3.bp.blogspot.com/-vSNpS0t5zH8/U-eIe4qcN9I/AAAAAAAAIFo/sgpbw1zvuOk/s1600/DSC05836+(Large).JPG
https://3.bp.blogspot.com/-wM91O038tY4/U-eEvR2cakI/AAAAAAAAICQ/lsXiKS5Yjcs/s1600/DSC05909+(Large).JPG
https://3.bp.blogspot.com/-zZPYNijVyqU/U-eIqqh78dI/AAAAAAAAIIY/TMfLu0upAPo/s1600/DSC05869+(Large).JPG
https://4.bp.blogspot.com/--MCno7CxbBc/U-eIeK5W8mI/AAAAAAAAIFg/rv_fD1UMh44/s1600/DSC05834+(Large).JPG
https://4.bp.blogspot.com/-0zNfDf6aP5A/U-eEwR3lU2I/AAAAAAAAICk/azM69GSJ8Ug/s1600/DSC05911+(Large).JPG
https://4.bp.blogspot.com/-1S8CddDdKDQ/U-eIud4ktAI/AAAAAAAAIJM/iNjM1CrhsHs/s1600/DSC05877+(Large).JPG
https://4.bp.blogspot.com/-2IQbihgKtxc/VsSk7IyLeCI/AAAAAAAAL6o/uwiSUU0IS6g/s1600/EINTHESKY.jpg
https://4.bp.blogspot.com/-2IQbihgKtxc/VsSk7IyLeCI/AAAAAAAAL6o/uwiSUU0IS6g/s320/EINTHESKY.jpg
https://4.bp.blogspot.com/-2IQbihgKtxc/VsSk7IyLeCI/AAAAAAAAL6o/uwiSUU0IS6g/s72-c/EINTHESKY.jpg
https://4.bp.blogspot.com/-4EUJDHMGLG0/U-eEnjKxJuI/AAAAAAAAIAc/bejbanMLL_o/s1600/DSC05889+(Large).JPG
https://4.bp.blogspot.com/-6XKbLfgKc1w/U-eIskclnTI/AAAAAAAAII4/gCIf9qOuYM0/s1600/DSC05873+(Large).JPG
https://4.bp.blogspot.com/-7YkeQAiuYpI/U-eIthrZH8I/AAAAAAAAIJE/1s7y6-xyAuw/s1600/DSC05874+(Large).JPG
https://4.bp.blogspot.com/-AJxuOJYCUeQ/U-eIX0_8sTI/AAAAAAAAIEI/zmTZ0LzNK5o/s1600/DSC05812+(Large).JPG
https://4.bp.blogspot.com/-Aabj4eNhLHA/VsShGvJFZwI/AAAAAAAAL6Y/fwf5UVrVO4Q/s1600/Concrete%2BTakeoff.jpg
https://4.bp.blogspot.com/-Aabj4eNhLHA/VsShGvJFZwI/AAAAAAAAL6Y/fwf5UVrVO4Q/s640/Concrete%2BTakeoff.jpg
https://4.bp.blogspot.com/-Aabj4eNhLHA/VsShGvJFZwI/AAAAAAAAL6Y/fwf5UVrVO4Q/s72-c/Concrete%2BTakeoff.jpg
https://4.bp.blogspot.com/-BWA72gfwKfI/U-eEh7BIGCI/AAAAAAAAH_Y/u3ff1OOYNqI/s1600/DSC05881+(Large).JPG
https://4.bp.blogspot.com/-JWEpTZ6znuw/U-eEpL7mIWI/AAAAAAAAIAw/3q4mXkQZVi4/s1600/DSC05895+(Large).JPG
https://4.bp.blogspot.com/-M943xkBUAXI/U-eIhspLZTI/AAAAAAAAIGQ/g0lbos6hcqg/s1600/DSC05841+(Large).JPG
https://4.bp.blogspot.com/-S7Y38fy1SPw/U-eIletrxgI/AAAAAAAAIHM/NyGy8GBSDZg/s1600/DSC05856+(Large).JPG
https://4.bp.blogspot.com/-_7O_EpAhKzU/U-eIhCMkaxI/AAAAAAAAIGE/IKXgA_wk8w4/s1600/DSC05840+(Large).JPG
https://4.bp.blogspot.com/-b2BwSRgKSFg/U-eImZ1HguI/AAAAAAAAIHY/EhDC5lzobgo/s1600/DSC05854+(Large).JPG
https://4.bp.blogspot.com/-diM1YnXnIhI/U-eEyIzDo7I/AAAAAAAAIDA/x93lfMlC-p8/s1600/DSC05924+(Large).JPG
https://4.bp.blogspot.com/-uRiaAN23hTc/U-eIoEM7A7I/AAAAAAAAIHw/s7Cmy8fThTI/s1600/DSC05862+(Large).JPG
https://4.bp.blogspot.com/-vNPLZGJWqZk/U-eEnHpRZpI/AAAAAAAAIAU/nOQ0__7vUWs/s1600/DSC05890+(Large).JPG
https://ajax.googleapis.com/ajax/libs/jquery/1.11.1/jquery.min.js
https://apis.google.com/js/plusone.js&amp;quot;&amp;gt;&amp;lt;/script&amp;gt
https://books.google.com/books/about/Hacking_the_Earthship.html?id=d0FJrgEACAAJ
https://cordwoodconstruction.wordpress.com/
https://cordwoodconstruction.wordpress.com/about/
https://draft.blogger.com/blogger.g?blogID=3786018349043553733
https://draft.blogger.com/null
https://googledrive.com/host/0B-dv4rsl5_uZcWVxamdWcXFjTTg
https://hackingtheearthship.blogspot.com/
https://hackingtheearthship.blogspot.com/2014/12/earthship-europe_31.html
https://hackingtheearthship.blogspot.com/2014/12/freney-soebarto-and-williamson-2012.html
https://hackingtheearthship.blogspot.com/2014/12/freney-soebarto-and-williamson-2013.html
https://hackingtheearthship.blogspot.com/2014/12/freney.html
https://hackingtheearthship.blogspot.com/2014/12/kruis-and-heun.html
https://hackingtheearthship.blogspot.com/2014/12/kuil.html
https://hackingtheearthship.blogspot.com/2014/12/schmidt.html
https://hackingtheearthship.blogspot.com/2014/12/university-of-brighton.html
https://hackingtheearthship.blogspot.com/2014/12/zimmerman-burger-nolan.html
https://hackingtheearthship.blogspot.com/2015/01/earthship-biotecture-tour-at-unm-taos.html
https://hackingtheearthship.blogspot.com/2015/01/earthships-phoenix.html
https://hackingtheearthship.blogspot.com/2015/01/getting-your-earthship-built-managing.html
https://hackingtheearthship.blogspot.com/2015/01/glass-block-and-bottle-walls.html
https://hackingtheearthship.blogspot.com/2015/01/insurance-for-earthship-or-non.html
https://hackingtheearthship.blogspot.com/2015/01/tire-off-gassing-research.html
https://hackingtheearthship.blogspot.com/2015/01/tires-and-offgassing-issue.html
https://hackingtheearthship.blogspot.com/2015/03/astrologically-correct-timing-when-to.html
https://hackingtheearthship.blogspot.com/2015/03/new-home-design-worksheet.html
https://hackingtheearthship.blogspot.com/2015/03/site-design-checklist.html
https://hackingtheearthship.blogspot.com/2015/03/table-of-contents.html
https://hackingtheearthship.blogspot.com/2015/04/community-space-assembly-occupancies.html
https://hackingtheearthship.blogspot.com/2015/04/designing-for-thermal-comfort.html
https://hackingtheearthship.blogspot.com/2015/04/going-green-during-construction.html
https://hackingtheearthship.blogspot.com/2015/04/growing-your-own-dans-epic-garden.html
https://hackingtheearthship.blogspot.com/2015/04/humidification-matters.html
https://hackingtheearthship.blogspot.com/2015/04/stairs-and-furnishings.html
https://hackingtheearthship.blogspot.com/2015/04/standard-furniture-dimensions.html
https://hackingtheearthship.blogspot.com/2015/04/using-windows-for-ventilation.html
https://hackingtheearthship.blogspot.com/2015/04/windbreaks-and-snow-fences.html
https://hackingtheearthship.blogspot.com/2015/05/earthbags-newly-free-chapter-inspired.html
https://hackingtheearthship.blogspot.com/2015/05/links-to-amazing-programs-you-can-learn.html
https://hackingtheearthship.blogspot.com/2015/06/adapting-your-home-to-changing.html
https://hackingtheearthship.blogspot.com/2015/06/why-you-should-not-retrofit-your-home.html
https://hackingtheearthship.blogspot.com/2015/08/quick-and-dirty-what-does-earthship.html
https://hackingtheearthship.blogspot.com/2016/02/background-and-methodology.html
https://hackingtheearthship.blogspot.com/2016/02/chapter-i-earthship-reality-project.html
https://hackingtheearthship.blogspot.com/2016/02/chapter-i-myth-of-most-economical.html
https://hackingtheearthship.blogspot.com/2016/02/our-earthship-survey.html
https://hackingtheearthship.blogspot.com/2016/02/where-can-i-go-to-learn-to-build-my-new.html
https://hackingtheearthship.blogspot.com/2016/03/chapter-i-earthship-at-end-of-its.html
https://hackingtheearthship.blogspot.com/2016/03/chapter-i-just-facts-maam.html
https://hackingtheearthship.blogspot.com/2016/03/chapter-i-myth-of-build-out-time-and.html
https://hackingtheearthship.blogspot.com/2016/03/chapter-i-myth-of-most-efficient-easy.html
https://hackingtheearthship.blogspot.com/2016/03/chapter-i-myth-of-performance-known.html
https://hackingtheearthship.blogspot.com/2016/03/chapter-i-myth-of-radically-sustainable.html
https://hackingtheearthship.blogspot.com/2016/03/chapter-i-myth-of-thermal-comfort.html
https://hackingtheearthship.blogspot.com/2016/03/chapter-i-myth-of-will-provide-you-with.html
https://hackingtheearthship.blogspot.com/2017/06/note-as-of-january-2017-this-project-is.html
https://hackingtheearthship.blogspot.com/feeds/archive
https://hackingtheearthship.blogspot.com/search
https://i.ytimg.com/vi/8RIwfzD5Y6w/default.jpg
https://ir-na.amazon-adsystem.com/e/ir?t=archinia-20&amp;amp;l=am2&amp;amp;o=1&amp;amp;a=0986115525
https://lh3.ggpht.com/-DkxQQQYd9eM/VKRtslQElpI/AAAAAAAAJR4/_zGCFTc_IDs/Earthships54_thumb13.jpg?imgmax=800
https://lh3.ggpht.com/-DkxQQQYd9eM/VKRtslQElpI/AAAAAAAAJR4/_zGCFTc_IDs/s72-c/Earthships54_thumb13.jpg?imgmax=800
https://lh4.ggpht.com/-LBRY3Mdu04s/VKQ9PEmv8FI/AAAAAAAAJLY/ZbR04ZfSSBE/seville_thumb.jpg?imgmax=800
https://lh4.ggpht.com/-o_dTL8Wh448/VKQ_FArX6PI/AAAAAAAAJLw/AxhQgk96b8Y/kruis%252520and%252520heun_thumb%25255B1%25255D.jpg?imgmax=800
https://lh4.ggpht.com/-o_dTL8Wh448/VKQ_FArX6PI/AAAAAAAAJLw/AxhQgk96b8Y/s72-c/kruis%252520and%252520heun_thumb%25255B1%25255D.jpg?imgmax=800
https://lh5.ggpht.com/-7Vnfk-Zp-BE/VKQ9LW9761I/AAAAAAAAJKs/TiegIX4aLvI/Paris_thumb.jpg?imgmax=800
https://lh5.ggpht.com/-sHVKDexc1Eg/VKQ9ONrA4_I/AAAAAAAAJLI/QsMz79A3b2Y/Albacete_thumb.jpg?imgmax=800
https://lh6.ggpht.com/---sXmjtl-O4/VKRu_J_l51I/AAAAAAAAJSY/Xassz_FPKSo/DSC05906%252520%252528Medium%252529_thumb%25255B2%25255D.jpg?imgmax=800
https://lh6.ggpht.com/---sXmjtl-O4/VKRu_J_l51I/AAAAAAAAJSY/Xassz_FPKSo/s72-c/DSC05906%252520%252528Medium%252529_thumb%25255B2%25255D.jpg?imgmax=800
https://lh6.ggpht.com/-1BiIFt4h4xY/VKQ9Mu7DEsI/AAAAAAAAJK4/_YwQ7Te5tds/Valladolid_thumb.jpg?imgmax=800
https://lh6.ggpht.com/-hklAai5FHRk/VKQ9KaEQVPI/AAAAAAAAJKc/2Lp_qf1AEwg/London_thumb.jpg?imgmax=800
https://lh6.ggpht.com/-hklAai5FHRk/VKQ9KaEQVPI/AAAAAAAAJKc/2Lp_qf1AEwg/s72-c/London_thumb.jpg?imgmax=800
https://lh6.ggpht.com/-sOoN4Nr6AS8/VKRtthzvuZI/AAAAAAAAJSI/jtmuBXJkaTs/Earthships19_thumb3.jpg?imgmax=800
https://sites.google.com/site/earthshipmanitoba/project-updates/bottlebrickmakingbykris
https://sust.unm.edu/
https://www.amazon.com/gp/product/0986115525/ref=as_li_tl?ie=UTF8&amp;amp;camp=1789&amp;amp;creative=9325&amp;amp;creativeASIN=0986115525&amp;amp;linkCode=as2&amp;amp;tag=archinia-20&amp;amp;linkId=6168e5f53c1f31647f20856062204edd
https://www.blogger.com
https://www.blogger.com/feeds/4923773098481429897/archive
https://www.blogger.com/feeds/4923773098481429897/pages/default/3430040516630279671
https://www.blogger.com/feeds/4923773098481429897/pages/default/4054648180804722834
https://www.blogger.com/feeds/4923773098481429897/pages/default/4395063290230405776
https://www.blogger.com/feeds/4923773098481429897/pages/default/5197013035894719766
https://www.blogger.com/feeds/4923773098481429897/pages/default/5962060067506253327
https://www.blogger.com/feeds/4923773098481429897/pages/default/6163367276558507301
https://www.blogger.com/feeds/4923773098481429897/pages/default/6210470776312613877
https://www.blogger.com/feeds/4923773098481429897/pages/default/6734244342647240270
https://www.blogger.com/feeds/4923773098481429897/pages/default/7861611792451130413
https://www.blogger.com/feeds/4923773098481429897/pages/default/8451730061869613129
https://www.blogger.com/feeds/4923773098481429897/posts/default/1177761359249586947
https://www.blogger.com/feeds/4923773098481429897/posts/default/132563788830304049
https://www.blogger.com/feeds/4923773098481429897/posts/default/167182569509113071
https://www.blogger.com/feeds/4923773098481429897/posts/default/1923074034852298122
https://www.blogger.com/feeds/4923773098481429897/posts/default/2150129938780047734
https://www.blogger.com/feeds/4923773098481429897/posts/default/2738080896287627348
https://www.blogger.com/feeds/4923773098481429897/posts/default/3058160114968597826
https://www.blogger.com/feeds/4923773098481429897/posts/default/3268195780465811612
https://www.blogger.com/feeds/4923773098481429897/posts/default/3355967196529900004
https://www.blogger.com/feeds/4923773098481429897/posts/default/3509708485113204736
https://www.blogger.com/feeds/4923773098481429897/posts/default/3601547090150998649
https://www.blogger.com/feeds/4923773098481429897/posts/default/3624475802856448988
https://www.blogger.com/feeds/4923773098481429897/posts/default/3717454256352657713
https://www.blogger.com/feeds/4923773098481429897/posts/default/3804113729989173033
https://www.blogger.com/feeds/4923773098481429897/posts/default/4235103892394197135
https://www.blogger.com/feeds/4923773098481429897/posts/default/4303250975872374034
https://www.blogger.com/feeds/4923773098481429897/posts/default/4366507436593367164
https://www.blogger.com/feeds/4923773098481429897/posts/default/4384360763972002533
https://www.blogger.com/feeds/4923773098481429897/posts/default/4726486535622360286
https://www.blogger.com/feeds/4923773098481429897/posts/default/4839159391122057955
https://www.blogger.com/feeds/4923773098481429897/posts/default/4871573405230955191
https://www.blogger.com/feeds/4923773098481429897/posts/default/4915185438264893874
https://www.blogger.com/feeds/4923773098481429897/posts/default/5082956985552263098
https://www.blogger.com/feeds/4923773098481429897/posts/default/5254934582887942738
https://www.blogger.com/feeds/4923773098481429897/posts/default/5572298625547169661
https://www.blogger.com/feeds/4923773098481429897/posts/default/5701285643131908347
https://www.blogger.com/feeds/4923773098481429897/posts/default/5743726300680410193
https://www.blogger.com/feeds/4923773098481429897/posts/default/5838926336143459772
https://www.blogger.com/feeds/4923773098481429897/posts/default/6267558273420524734
https://www.blogger.com/feeds/4923773098481429897/posts/default/6341461886220701743
https://www.blogger.com/feeds/4923773098481429897/posts/default/6667591923717237590
https://www.blogger.com/feeds/4923773098481429897/posts/default/6694074675472267122
https://www.blogger.com/feeds/4923773098481429897/posts/default/6738181094756459773
https://www.blogger.com/feeds/4923773098481429897/posts/default/6846978738874654895
https://www.blogger.com/feeds/4923773098481429897/posts/default/7312514403341276976
https://www.blogger.com/feeds/4923773098481429897/posts/default/7318840843798008563
https://www.blogger.com/feeds/4923773098481429897/posts/default/7581258761040831328
https://www.blogger.com/feeds/4923773098481429897/posts/default/8020531133018084207
https://www.blogger.com/feeds/4923773098481429897/posts/default/811714440665598239
https://www.blogger.com/feeds/4923773098481429897/posts/default/8219888331574102297
https://www.blogger.com/feeds/4923773098481429897/posts/default/8316166134906266667
https://www.blogger.com/feeds/4923773098481429897/posts/default/8357952826694995761
https://www.blogger.com/feeds/4923773098481429897/posts/default/85293087780846156
https://www.blogger.com/feeds/4923773098481429897/posts/default/8710862826141901207
https://www.blogger.com/feeds/4923773098481429897/posts/default/8808644375474406743
https://www.blogger.com/feeds/4923773098481429897/posts/default/8817249470140202981
https://www.blogger.com/feeds/4923773098481429897/posts/default/8826079480238079899
https://www.blogger.com/feeds/4923773098481429897/posts/default/92308222276186785
https://www.blogger.com/feeds/4923773098481429897/posts/default/949738360161413027
https://www.blogger.com/feeds/4923773098481429897/settings/BLOG_ADMIN_PERMISSION
https://www.blogger.com/feeds/4923773098481429897/settings/BLOG_ADULT_CONTENT
https://www.blogger.com/feeds/4923773098481429897/settings/BLOG_ALTERNATE_JSRENDER_ALLOWED
https://www.blogger.com/feeds/4923773098481429897/settings/BLOG_ANALYTICS_ACCOUNT_NUMBER
https://www.blogger.com/feeds/4923773098481429897/settings/BLOG_ARCHIVE_DATE_FORMAT
https://www.blogger.com/feeds/4923773098481429897/settings/BLOG_ARCHIVE_FREQUENCY
https://www.blogger.com/feeds/4923773098481429897/settings/BLOG_AUTHOR_PERMISSION
https://www.blogger.com/feeds/4923773098481429897/settings/BLOG_BY_POST_ARCHIVING
https://www.blogger.com/feeds/4923773098481429897/settings/BLOG_COMMENTS_ALLOWED
https://www.blogger.com/feeds/4923773098481429897/settings/BLOG_COMMENTS_TIME_STAMP_FORMAT
https://www.blogger.com/feeds/4923773098481429897/settings/BLOG_COMMENT_ACCESS
https://www.blogger.com/feeds/4923773098481429897/settings/BLOG_COMMENT_CAPTCHA
https://www.blogger.com/feeds/4923773098481429897/settings/BLOG_COMMENT_EMAIL
https://www.blogger.com/feeds/4923773098481429897/settings/BLOG_COMMENT_FEED
https://www.blogger.com/feeds/4923773098481429897/settings/BLOG_COMMENT_FORM_LOCATION
https://www.blogger.com/feeds/4923773098481429897/settings/BLOG_COMMENT_MESSAGE
https://www.blogger.com/feeds/4923773098481429897/settings/BLOG_COMMENT_MODERATION
https://www.blogger.com/feeds/4923773098481429897/settings/BLOG_COMMENT_MODERATION_DELAY
https://www.blogger.com/feeds/4923773098481429897/settings/BLOG_COMMENT_MODERATION_EMAIL
https://www.blogger.com/feeds/4923773098481429897/settings/BLOG_COMMENT_PROFILE_IMAGES
https://www.blogger.com/feeds/4923773098481429897/settings/BLOG_CONVERT_LINE_BREAKS
https://www.blogger.com/feeds/4923773098481429897/settings/BLOG_CUSTOM_ADS_TXT
https://www.blogger.com/feeds/4923773098481429897/settings/BLOG_CUSTOM_ADS_TXT_ENABLED
https://www.blogger.com/feeds/4923773098481429897/settings/BLOG_CUSTOM_PAGE_NOT_FOUND
https://www.blogger.com/feeds/4923773098481429897/settings/BLOG_CUSTOM_ROBOTS_TXT
https://www.blogger.com/feeds/4923773098481429897/settings/BLOG_CUSTOM_ROBOTS_TXT_ENABLED
https://www.blogger.com/feeds/4923773098481429897/settings/BLOG_DATE_FORMAT
https://www.blogger.com/feeds/4923773098481429897/settings/BLOG_DEFAULT_COMMENTS_MODE
https://www.blogger.com/feeds/4923773098481429897/settings/BLOG_DESCRIPTION
https://www.blogger.com/feeds/4923773098481429897/settings/BLOG_EMAIL_POST_LINKS
https://www.blogger.com/feeds/4923773098481429897/settings/BLOG_FEED_REDIRECT_URL
https://www.blogger.com/feeds/4923773098481429897/settings/BLOG_FLOAT_ALIGNMENT
https://www.blogger.com/feeds/4923773098481429897/settings/BLOG_LOCALE
https://www.blogger.com/feeds/4923773098481429897/settings/BLOG_MAX_NUM
https://www.blogger.com/feeds/4923773098481429897/settings/BLOG_MAX_UNIT
https://www.blogger.com/feeds/4923773098481429897/settings/BLOG_META_DESCRIPTION
https://www.blogger.com/feeds/4923773098481429897/settings/BLOG_META_DESCRIPTION_ENABLED
https://www.blogger.com/feeds/4923773098481429897/settings/BLOG_NAME
https://www.blogger.com/feeds/4923773098481429897/settings/BLOG_PER_POST_FEED
https://www.blogger.com/feeds/4923773098481429897/settings/BLOG_POST_FEED
https://www.blogger.com/feeds/4923773098481429897/settings/BLOG_POST_FEED_FOOTER
https://www.blogger.com/feeds/4923773098481429897/settings/BLOG_POST_TEMPLATE
https://www.blogger.com/feeds/4923773098481429897/settings/BLOG_PROMOTED
https://www.blogger.com/feeds/4923773098481429897/settings/BLOG_PUBLISHING_MODE
https://www.blogger.com/feeds/4923773098481429897/settings/BLOG_QUICK_EDITING
https://www.blogger.com/feeds/4923773098481429897/settings/BLOG_READER_PERMISSION
https://www.blogger.com/feeds/4923773098481429897/settings/BLOG_READ_ACCESS_MODE
https://www.blogger.com/feeds/4923773098481429897/settings/BLOG_SEARCHABLE
https://www.blogger.com/feeds/4923773098481429897/settings/BLOG_SEND_EMAIL
https://www.blogger.com/feeds/4923773098481429897/settings/BLOG_SHOW_TITLE
https://www.blogger.com/feeds/4923773098481429897/settings/BLOG_SHOW_URL
https://www.blogger.com/feeds/4923773098481429897/settings/BLOG_SUBDOMAIN
https://www.blogger.com/feeds/4923773098481429897/settings/BLOG_TIME_STAMP_FORMAT
https://www.blogger.com/feeds/4923773098481429897/settings/BLOG_TIME_ZONE
https://www.blogger.com/feeds/4923773098481429897/settings/BLOG_USE_LIGHTBOX
https://www.blogger.com/feeds/4923773098481429897/template/default
https://www.blogger.com/navbar.g?targetBlogID
https://www.blogger.com/profile/07047414948360387844
https://www.blogger.com/styles/atom.css
https://www.cobcottage.com/&lt;wbr&gt;&lt;/wbr&gt;apprentice&lt;/a&gt;&lt;/li&gt;&lt;li&gt;and
https://www.cobcottage.com/apprentice
https://www.econesthomes.com/&lt;wbr&gt;&lt;/wbr&gt;natural-building-workshops/&lt;wbr&gt;&lt;/wbr&gt;overview/econest-intensive/&lt;/a&gt
https://www.econesthomes.com/natural-building-workshops/overview/econest-intensive/
https://www.facebook.com/aliteroflight
https://www.facebook.com/buildnaturally
https://www.facebook.com/emburinteriors
https://www.facebook.com/groups/naturalhomes/&amp;quot;&amp;gt;Talking
https://www.facebook.com/groups/permahome/
https://www.facebook.com/naturalhomes&amp;quot;&amp;gt;facebook
https://www.facebook.com/permahome/
https://www.pinterest.com/pin/create/extension/
https://www.youtube.com/channel/UC4j-f_5P7ZiC4i-EeqIxNkA
https://www.youtube.com/channel/UC4j-f_5P7ZiC4i-EeqIxNkA&lt;/span&gt;&lt;/a&gt;&lt;/div&gt;&lt;!--
https://www.youtube.com/embed/8RIwfzD5Y6w
https://www.youtube.com/watch?feature=player_embedded&amp;amp;v=8RIwfzD5Y6w
