http://&lt;/a&gt;&lt;a
http://1.bp.blogspot.com/-04AwWc6ehYQ/TzVK4BnECUI/AAAAAAAABog/1qaIgTnpFMg/s1600/Chimayo_Development_Plan%281%29-1.jpg
http://1.bp.blogspot.com/-0ol0JvH8z-g/U1VoDYldY2I/AAAAAAAAFls/uWfQrqD0akw/s1600/tent+rocks+(1)+(Large).JPG
http://1.bp.blogspot.com/-203Gs--pBFo/T004Q3yygTI/AAAAAAAABvA/Eu6Fp3PtKU8/s1600/P1150813+%28Large%29+a.jpg
http://1.bp.blogspot.com/-203Gs--pBFo/T004Q3yygTI/AAAAAAAABvA/Eu6Fp3PtKU8/s320/P1150813+%28Large%29+a.jpg
http://1.bp.blogspot.com/-203Gs--pBFo/T004Q3yygTI/AAAAAAAABvA/Eu6Fp3PtKU8/s72-c/P1150813+%28Large%29+a.jpg
http://1.bp.blogspot.com/-2IoPGDPFRPs/Uv0p73vPtmI/AAAAAAAAE3k/8oypSxANl4M/s1600/DSC05059+(Large).JPG
http://1.bp.blogspot.com/-3kM2D0Xm8VI/UrihJHR_GXI/AAAAAAAAEKY/vSwV4Kpwl10/s1600/DSC03674+(Medium).JPG
http://1.bp.blogspot.com/-4DJvp7BXt9c/UripstiTgpI/AAAAAAAAENY/_IKVz-xxH9M/s1600/IMG_1284+(Medium).JPG
http://1.bp.blogspot.com/-4DJvp7BXt9c/UripstiTgpI/AAAAAAAAENY/_IKVz-xxH9M/s72-c/IMG_1284+(Medium).JPG
http://1.bp.blogspot.com/-4tcyjbGk_3s/U1VoK8R2WGI/AAAAAAAAFnQ/zDC6jX5draM/s1600/tent+rocks+(4)+(Large).JPG
http://1.bp.blogspot.com/-554-rU9b074/UuWUC8YHKyI/AAAAAAAAEuY/56gFNKzhjLg/s1600/DSC04116+(Large).JPG
http://1.bp.blogspot.com/-5mmVSnXxuDQ/Uri78vwDpQI/AAAAAAAAEUQ/SwwV8jVA0lI/s1600/DSC03632+(Medium).JPG
http://1.bp.blogspot.com/-6ftHOgGr9NE/Uri79DRgKJI/AAAAAAAAEUY/_rPWw1GJx6w/s1600/DSC03634+(Medium).JPG
http://1.bp.blogspot.com/-A009VUBCEZI/U1VFhykbhDI/AAAAAAAAFZY/rPCtBY3xi0w/s1600/nm+supreme+court+(2)+(Large).JPG
http://1.bp.blogspot.com/-ACG3uFKvyPo/U1VFhmKWxFI/AAAAAAAAFZU/8TxSazbHfnc/s1600/nm+supreme+court+(1)+(Large).JPG
http://1.bp.blogspot.com/-CdLQDW49FQQ/Uv0pyccAf9I/AAAAAAAAE2A/6MAIAaOm7zI/s1600/DSC05039+(Large).JPG
http://1.bp.blogspot.com/-DGdkQBWcrfc/UripuPdlIII/AAAAAAAAEN0/HE3kVwZ_tjg/s1600/IMG_1293+(Medium).JPG
http://1.bp.blogspot.com/-EDrV0vcZVU4/Uriw1Nw2X6I/AAAAAAAAEPE/dxm7995Hafc/s1600/DSC03747+(Medium).JPG
http://1.bp.blogspot.com/-ESfBYeyINiY/Urinjh2rcfI/AAAAAAAAEM8/JcXLD9rnrfk/s1600/DSC03721+(Medium).JPG
http://1.bp.blogspot.com/-E_dj4dId4zQ/Vh-ywnWVunI/AAAAAAAALYg/42bV0BkuyHA/s1600/DSC00319%2B%2528Large%2529.JPG
http://1.bp.blogspot.com/-E_dj4dId4zQ/Vh-ywnWVunI/AAAAAAAALYg/42bV0BkuyHA/s400/DSC00319%2B%2528Large%2529.JPG
http://1.bp.blogspot.com/-F9HNCsXOjsE/Vh-yyLr6QSI/AAAAAAAALZI/hYcZU0-848g/s1600/DSC00326%2B%2528Large%2529.JPG
http://1.bp.blogspot.com/-F9HNCsXOjsE/Vh-yyLr6QSI/AAAAAAAALZI/hYcZU0-848g/s320/DSC00326%2B%2528Large%2529.JPG
http://1.bp.blogspot.com/-G4kbyv6xHSM/U1VWEMJA8II/AAAAAAAAFes/2YbAPDa1GuI/s1600/DSC01148+(Large).JPG
http://1.bp.blogspot.com/-IdDuVkttE60/TfpzuuxESWI/AAAAAAAAAfg/u7B9HV8pGdM/s1600/P1130821+%2528Large%2529.jpg
http://1.bp.blogspot.com/-InirlK0KFWs/UGC-rK5711I/AAAAAAAAB7w/V2r442UELec/s1600/P1030078+(Mobile).JPG
http://1.bp.blogspot.com/-InirlK0KFWs/UGC-rK5711I/AAAAAAAAB7w/V2r442UELec/s320/P1030078+(Mobile).JPG
http://1.bp.blogspot.com/-KLrtgVBaTZk/Uv0p9O9nMgI/AAAAAAAAE3w/_09-slGReEA/s1600/DSC05060+(Large).JPG
http://1.bp.blogspot.com/-Kb0vMUsReBw/U1VaLaAY5YI/AAAAAAAAFgk/dfUM_zeqP-M/s1600/DSC00638+(Large).JPG
http://1.bp.blogspot.com/-KgseXgSJrRs/U1VaNQlrCmI/AAAAAAAAFhA/gKMRBIRj9IQ/s1600/DSC00644+(Large).JPG
http://1.bp.blogspot.com/-LTHQwaBOkJ8/U1VaOypNNPI/AAAAAAAAFhU/ILFYprii2m8/s1600/DSC00647+(Large).JPG
http://1.bp.blogspot.com/-LrQNalK2o0A/Urii5zJ_GLI/AAAAAAAAEKw/irh9QT7VfzM/s1600/DSC03697+(Medium).JPG
http://1.bp.blogspot.com/-PKAPoSA1LUo/UGC-0wOkYRI/AAAAAAAAB9o/jn3OZKjkEvI/s1600/P1030154+(Mobile).JPG
http://1.bp.blogspot.com/-Pwn3S3VC42Q/UGC-4DX8psI/AAAAAAAAB-Q/c3Ggn4bsgcU/s1600/P1030161+(Mobile).JPG
http://1.bp.blogspot.com/-Pwn3S3VC42Q/UGC-4DX8psI/AAAAAAAAB-Q/c3Ggn4bsgcU/s320/P1030161+(Mobile).JPG
http://1.bp.blogspot.com/-QOpIxBNPjfA/Uri0VvWJf7I/AAAAAAAAEQg/MHvz_eAlUMU/s1600/IMG_1754+(Medium).JPG
http://1.bp.blogspot.com/-R5BzgTQq0VA/Uri73bbbP1I/AAAAAAAAETM/fqfFHg5C_H8/s1600/DSC03622+(Medium).JPG
http://1.bp.blogspot.com/-R6_iVcpsybE/Uri76XIYXeI/AAAAAAAAET4/1acBSA7q8NA/s1600/DSC03629+(Medium).JPG
http://1.bp.blogspot.com/-RkFX0YLqZyQ/Tfp4RJyMrEI/AAAAAAAAAh0/OSY5InxGKPA/s1600/P1130681+%2528Large%2529+%2528Large%2529.jpg
http://1.bp.blogspot.com/-RkFX0YLqZyQ/Tfp4RJyMrEI/AAAAAAAAAh0/OSY5InxGKPA/s320/P1130681+%2528Large%2529+%2528Large%2529.jpg
http://1.bp.blogspot.com/-RqNT4xV2p6o/T_XrGWQbSSI/AAAAAAAAB4U/XFtCgElCdmU/s1600/P1140763+%28Large%29.JPG
http://1.bp.blogspot.com/-RqNT4xV2p6o/T_XrGWQbSSI/AAAAAAAAB4U/XFtCgElCdmU/s320/P1140763+%28Large%29.JPG
http://1.bp.blogspot.com/-TSt2dv-FvxA/T00cFuc_t3I/AAAAAAAABs4/VTnWPCZ1_zs/s1600/P1010402+%28Medium%29.JPG
http://1.bp.blogspot.com/-TSt2dv-FvxA/T00cFuc_t3I/AAAAAAAABs4/VTnWPCZ1_zs/s320/P1010402+%28Medium%29.JPG
http://1.bp.blogspot.com/-TTNMqP232Mw/Uv0pswzGo2I/AAAAAAAAE1I/RLF3vtilwzg/s1600/DSC05031+(Large).JPG
http://1.bp.blogspot.com/-UYH6rr5-MAw/U1VkoaY39hI/AAAAAAAAFjk/qU8eT5-nNqs/s1600/Cerrillos+(14)+(Large).JPG
http://1.bp.blogspot.com/-UxoWLkioWoU/Uv0pxwhfS9I/AAAAAAAAE14/a_iOAVtWm0s/s1600/DSC05038+(Large).JPG
http://1.bp.blogspot.com/-W9wP9mh7ab0/T_XrCwhiZHI/AAAAAAAAB30/5xYo0xlkLFU/s1600/P1140737+%28Large%29.JPG
http://1.bp.blogspot.com/-W9wP9mh7ab0/T_XrCwhiZHI/AAAAAAAAB30/5xYo0xlkLFU/s320/P1140737+%28Large%29.JPG
http://1.bp.blogspot.com/-W9wP9mh7ab0/T_XrCwhiZHI/AAAAAAAAB30/5xYo0xlkLFU/s72-c/P1140737+%28Large%29.JPG
http://1.bp.blogspot.com/-XEVdjEboNlQ/UrinkcJrWVI/AAAAAAAAENE/oL4oUIjZZBk/s1600/DSC03722+(Medium).JPG
http://1.bp.blogspot.com/-XEVdjEboNlQ/UrinkcJrWVI/AAAAAAAAENE/oL4oUIjZZBk/s72-c/DSC03722+(Medium).JPG
http://1.bp.blogspot.com/-_obP6jbrMTs/Urij7xWhTNI/AAAAAAAAEMM/K5LC09YxK-g/s1600/DSC03714+(Medium).JPG
http://1.bp.blogspot.com/-a9LNvu-b17s/TzVRA3de9kI/AAAAAAAABpc/CaKuuna3gzI/s1600/el+nino+now.jpg
http://1.bp.blogspot.com/-a9LNvu-b17s/TzVRA3de9kI/AAAAAAAABpc/CaKuuna3gzI/s320/el+nino+now.jpg
http://1.bp.blogspot.com/-agRVCgTSmVA/UripwJjfY1I/AAAAAAAAEN8/hMoiLXEhWhA/s1600/IMG_1290+(Medium).JPG
http://1.bp.blogspot.com/-an6PwScbTl8/T00cGQ9v3SI/AAAAAAAABtA/N1_OxTnhPwI/s1600/P1010403+%28Medium%29.JPG
http://1.bp.blogspot.com/-an6PwScbTl8/T00cGQ9v3SI/AAAAAAAABtA/N1_OxTnhPwI/s320/P1010403+%28Medium%29.JPG
http://1.bp.blogspot.com/-an6PwScbTl8/T00cGQ9v3SI/AAAAAAAABtA/N1_OxTnhPwI/s72-c/P1010403+%28Medium%29.JPG
http://1.bp.blogspot.com/-bC3OP4Dqsbk/T_XrEnieQYI/AAAAAAAAB4E/nkmM1qGOtww/s1600/P1140744+%28Large%29.JPG
http://1.bp.blogspot.com/-bC3OP4Dqsbk/T_XrEnieQYI/AAAAAAAAB4E/nkmM1qGOtww/s320/P1140744+%28Large%29.JPG
http://1.bp.blogspot.com/-cT1suxgC5Cg/U1VkxwIhEYI/AAAAAAAAFlg/4OjHJsPkooc/s1600/Cerrillos+(9)+(Large).JPG
http://1.bp.blogspot.com/-db4uuHN1uLg/Tfp4R9dcVlI/AAAAAAAAAh4/ni9V5QI77RE/s1600/P1130796+%2528Large%2529+%25282%2529.jpg
http://1.bp.blogspot.com/-db4uuHN1uLg/Tfp4R9dcVlI/AAAAAAAAAh4/ni9V5QI77RE/s320/P1130796+%2528Large%2529+%25282%2529.jpg
http://1.bp.blogspot.com/-esOxz08bA3E/UGC-2tpqxnI/AAAAAAAAB-A/4vOP2uhbyec/s1600/P1030159+(Mobile).JPG
http://1.bp.blogspot.com/-esOxz08bA3E/UGC-2tpqxnI/AAAAAAAAB-A/4vOP2uhbyec/s320/P1030159+(Mobile).JPG
http://1.bp.blogspot.com/-ex0SGEU4Rdg/UriqjL8u2EI/AAAAAAAAEOM/22inLcGQSxE/s1600/IMG_1276+(Medium).JPG
http://1.bp.blogspot.com/-ex0SGEU4Rdg/UriqjL8u2EI/AAAAAAAAEOM/22inLcGQSxE/s72-c/IMG_1276+(Medium).JPG
http://1.bp.blogspot.com/-f7nyivkXCCU/Urii-Jo_vaI/AAAAAAAAELU/RPoNph7h4oY/s1600/DSC03699+(Medium).JPG
http://1.bp.blogspot.com/-ffsgHSd-ow0/Uri0YbBRL0I/AAAAAAAAEQ8/e_hArvdr5F0/s1600/IMG_1761+(Medium).JPG
http://1.bp.blogspot.com/-gLiP_MKiHVQ/U1VoD9cnRvI/AAAAAAAAFl4/Ifodot_KnSk/s1600/tent+rocks+(11)+(Large).JPG
http://1.bp.blogspot.com/-hDXpacb1UjQ/UrihCqRB8WI/AAAAAAAAEJY/0oz8Xc7bVew/s1600/DSC03658+(Medium).JPG
http://1.bp.blogspot.com/-hDXpacb1UjQ/UrihCqRB8WI/AAAAAAAAEJY/0oz8Xc7bVew/s72-c/DSC03658+(Medium).JPG
http://1.bp.blogspot.com/-hPL2EOPaqkw/Uri7woNe06I/AAAAAAAAESE/z7bc3jbOl14/s1600/ABQ+Old+Town+Church+(1)+(Medium).JPG
http://1.bp.blogspot.com/-hYiimHTF0po/U1VoD-FRUuI/AAAAAAAAFlw/Z5IxbIctO-4/s1600/tent+rocks+(14)+(Large).JPG
http://1.bp.blogspot.com/-jTKJPhO7GuU/UuWUAFt7w4I/AAAAAAAAEtw/zpvo-NdgNSs/s1600/DSC04110+(Large).JPG
http://1.bp.blogspot.com/-kUHVK_KZIVs/Uri7-eunJ1I/AAAAAAAAEUo/2GvAdKk0HWw/s1600/DSC03642+(Medium).JPG
http://1.bp.blogspot.com/-lTzqjka7-rw/U1VkxCJFsnI/AAAAAAAAFlY/6RqLIgnIkeY/s1600/Cerrillos+(8)+(Large).JPG
http://1.bp.blogspot.com/-ol3g0z8yPeg/Vh-yxA70-XI/AAAAAAAALYo/eE3LV9y9EPw/s1600/DSC00322%2B%2528Large%2529.JPG
http://1.bp.blogspot.com/-ol3g0z8yPeg/Vh-yxA70-XI/AAAAAAAALYo/eE3LV9y9EPw/s400/DSC00322%2B%2528Large%2529.JPG
http://1.bp.blogspot.com/-ol3g0z8yPeg/Vh-yxA70-XI/AAAAAAAALYo/eE3LV9y9EPw/s72-c/DSC00322%2B%2528Large%2529.JPG
http://1.bp.blogspot.com/-qeqgU7PDVqE/Uv0p4iOkr2I/AAAAAAAAE3I/eADE_8Av4qE/s1600/DSC05055+(Large).JPG
http://1.bp.blogspot.com/-rOcv_oIDm38/UripswgY15I/AAAAAAAAENg/7-ovR6iU_sM/s1600/IMG_1285+(Medium).JPG
http://1.bp.blogspot.com/-tTKN2H88JAc/Uv02nc_zjuI/AAAAAAAAE4M/yisaMOvX1jo/s1600/DSC05140+(Large).JPG
http://1.bp.blogspot.com/-tbJfeyxJYtk/T003fTldZjI/AAAAAAAABuw/xNUE5JX_Q08/s1600/NM_Taos+County_113+Kit+Carson_0002-nw+%28Medium%29.JPG
http://1.bp.blogspot.com/-tbJfeyxJYtk/T003fTldZjI/AAAAAAAABuw/xNUE5JX_Q08/s320/NM_Taos+County_113+Kit+Carson_0002-nw+%28Medium%29.JPG
http://1.bp.blogspot.com/-v3eB8uLexZI/T00eEw09mqI/AAAAAAAABtI/jeW_pJNfyBI/s1600/IMG_0141+%28Medium%29.JPG
http://1.bp.blogspot.com/-v3eB8uLexZI/T00eEw09mqI/AAAAAAAABtI/jeW_pJNfyBI/s320/IMG_0141+%28Medium%29.JPG
http://1.bp.blogspot.com/-v58X4hxDWjk/Tfp4OEjF2II/AAAAAAAAAhk/vMjA-SWClHo/s1600/P1130860+%2528Large%2529+%2528Large%2529.jpg
http://1.bp.blogspot.com/-v58X4hxDWjk/Tfp4OEjF2II/AAAAAAAAAhk/vMjA-SWClHo/s320/P1130860+%2528Large%2529+%2528Large%2529.jpg
http://1.bp.blogspot.com/-vRLZ04NO1Ek/U1Vkt5RzpAI/AAAAAAAAFko/Ze0SdPKR6Wo/s1600/Cerrillos+(24)+(Large).JPG
http://1.bp.blogspot.com/-vr5iYvVtVOQ/Uv0pxINXdhI/AAAAAAAAE10/0KFrLhQQJPM/s1600/DSC05037+(Large).JPG
http://1.bp.blogspot.com/-vy6Ic-HUGiQ/Uri3qv6Xo-I/AAAAAAAAERw/zB9dW6B9P5A/s1600/DSC03641+(Medium).JPG
http://1.bp.blogspot.com/-vy6Ic-HUGiQ/Uri3qv6Xo-I/AAAAAAAAERw/zB9dW6B9P5A/s72-c/DSC03641+(Medium).JPG
http://1.bp.blogspot.com/-wYRKmJ8MsmY/UGDHOkNez_I/AAAAAAAAB_E/gpAGbrRHlD0/s1600/carolecrews1a.JPG
http://1.bp.blogspot.com/-wYRKmJ8MsmY/UGDHOkNez_I/AAAAAAAAB_E/gpAGbrRHlD0/s320/carolecrews1a.JPG
http://1.bp.blogspot.com/-wYRKmJ8MsmY/UGDHOkNez_I/AAAAAAAAB_E/gpAGbrRHlD0/s72-c/carolecrews1a.JPG
http://1.bp.blogspot.com/-yORRcKeVMSg/Urij7ssDktI/AAAAAAAAEMI/7r6nhJNYT_I/s1600/DSC03694+(Medium).JPG
http://1.bp.blogspot.com/-yo_VTYROUM0/UuWUDcTRFhI/AAAAAAAAEuc/pdvBazhzCbo/s1600/DSC04117+(Large).JPG
http://2.bp.blogspot.com/--lOi1KRjpQ0/Urii8n8ob1I/AAAAAAAAELI/pFay2vDTuXs/s1600/DSC03702+(Medium).JPG
http://2.bp.blogspot.com/-0rLGt0Mzn-w/UGC-0byyFNI/AAAAAAAAB9g/RyGg1V9a9dI/s1600/P1030142+(Mobile).JPG
http://2.bp.blogspot.com/-0zolI80PJmU/Uri0aJOTbJI/AAAAAAAAERM/0oXUnbMX-pE/s1600/IMG_1774+(Medium).JPG
http://2.bp.blogspot.com/-1AarBIaqgeo/UuWT_f0LevI/AAAAAAAAEts/23QtbJNmyFo/s1600/DSC04108+(Large).JPG
http://2.bp.blogspot.com/-1HG-gMXRp8A/Uri75IpWPKI/AAAAAAAAETc/LwNbYBiPmtA/s1600/DSC03624+(Medium).JPG
http://2.bp.blogspot.com/-1syXqOzhtxI/T001PcGIp4I/AAAAAAAABuI/RO0PN0_3eM0/s1600/P1040550+%28Medium%29+%28Medium%29.JPG
http://2.bp.blogspot.com/-1syXqOzhtxI/T001PcGIp4I/AAAAAAAABuI/RO0PN0_3eM0/s320/P1040550+%28Medium%29+%28Medium%29.JPG
http://2.bp.blogspot.com/-2Kz1DQV2pg0/TzVRpTx3gAI/AAAAAAAABpk/AFQ3D-UwNls/s1600/P1070517+%28Large%29.JPG
http://2.bp.blogspot.com/-2Kz1DQV2pg0/TzVRpTx3gAI/AAAAAAAABpk/AFQ3D-UwNls/s320/P1070517+%28Large%29.JPG
http://2.bp.blogspot.com/-3eoEpBDYtbA/T00y6T5j36I/AAAAAAAABtg/3et1vhCgxiY/s1600/P1060631+%28Large%29.JPG
http://2.bp.blogspot.com/-3eoEpBDYtbA/T00y6T5j36I/AAAAAAAABtg/3et1vhCgxiY/s320/P1060631+%28Large%29.JPG
http://2.bp.blogspot.com/-3eoEpBDYtbA/T00y6T5j36I/AAAAAAAABtg/3et1vhCgxiY/s72-c/P1060631+%28Large%29.JPG
http://2.bp.blogspot.com/-3ny-_bADJA0/UuWT45no9GI/AAAAAAAAEs0/6we7mvHrq70/s1600/DSC04095+(Large).JPG
http://2.bp.blogspot.com/-5-gl8OqV4L4/UGDLyox88oI/AAAAAAAAB_Y/C5Fc6d4Vcc8/s320/carolecrews31a.JPG
http://2.bp.blogspot.com/-5qz0_R1i7t4/T0V-dhcQanI/AAAAAAAABqo/_Z6djbeAotQ/s1600/IMG_2230+%28Medium%29.JPG
http://2.bp.blogspot.com/-5qz0_R1i7t4/T0V-dhcQanI/AAAAAAAABqo/_Z6djbeAotQ/s320/IMG_2230+%28Medium%29.JPG
http://2.bp.blogspot.com/-5wSNhehz6mg/Uv0pn5amsyI/AAAAAAAAE0g/splYK6QN0Y0/s1600/DSC05016+(Large).JPG
http://2.bp.blogspot.com/-641CoRH1KrI/U1Vkshm2rBI/AAAAAAAAFkc/wHLqhQw-oe4/s1600/Cerrillos+(23)+(Large).JPG
http://2.bp.blogspot.com/-8ssRWOp5mFk/Uriw2I2u_GI/AAAAAAAAEPU/vH1h_pocN94/s1600/DSC03753+(Medium).JPG
http://2.bp.blogspot.com/-BSbbwH_mLfU/UritQTMq9oI/AAAAAAAAEOg/kIlnO744-es/s1600/IMG_1500+(Medium).JPG
http://2.bp.blogspot.com/-BSbbwH_mLfU/UritQTMq9oI/AAAAAAAAEOg/kIlnO744-es/s72-c/IMG_1500+(Medium).JPG
http://2.bp.blogspot.com/-BWrlMNZyGFM/UGC-pfpM49I/AAAAAAAAB7Y/70Pw8yKY6_A/s1600/P1030058+(Mobile).JPG
http://2.bp.blogspot.com/-BsUzLsP9kQI/UKvReMf5YXI/AAAAAAAACBU/dW--E7ElRuc/s1600/P1150816+%28Large%29.JPG
http://2.bp.blogspot.com/-BsUzLsP9kQI/UKvReMf5YXI/AAAAAAAACBU/dW--E7ElRuc/s320/P1150816+%28Large%29.JPG
http://2.bp.blogspot.com/-CV1Eb-JzH6k/T002FyC8I6I/AAAAAAAABuY/jFZ5Br4k1oo/s1600/P1030266+%28Medium%29.JPG
http://2.bp.blogspot.com/-CV1Eb-JzH6k/T002FyC8I6I/AAAAAAAABuY/jFZ5Br4k1oo/s320/P1030266+%28Medium%29.JPG
http://2.bp.blogspot.com/-CV1Eb-JzH6k/T002FyC8I6I/AAAAAAAABuY/jFZ5Br4k1oo/s72-c/P1030266+%28Medium%29.JPG
http://2.bp.blogspot.com/-HRzCKGzPoB8/U1VkoPg7WaI/AAAAAAAAFjg/4kHqmswZ9Rg/s1600/Cerrillos+(13)+(Large).JPG
http://2.bp.blogspot.com/-Hk-8E2viQVQ/U1Vko6COsFI/AAAAAAAAFjw/yR1AYdg4LvI/s1600/Cerrillos+(15)+(Large).JPG
http://2.bp.blogspot.com/-IGLgkA9hiZY/Uri0UXhYQ_I/AAAAAAAAEQY/rpVK_l8bDcQ/s1600/IMG_1750+(Medium).JPG
http://2.bp.blogspot.com/-IZ7wx8nrAdU/T001O6ILSXI/AAAAAAAABuA/grE-zgNwKl4/s1600/P1040549+%2528Medium%2529.JPG
http://2.bp.blogspot.com/-IZ7wx8nrAdU/T001O6ILSXI/AAAAAAAABuA/grE-zgNwKl4/s320/P1040549+%2528Medium%2529.JPG
http://2.bp.blogspot.com/-JIoTQawkaXI/Uri7x0EkFTI/AAAAAAAAESU/qO8r7IAa6rA/s1600/DSC03578+(Medium).JPG
http://2.bp.blogspot.com/-LL8LncpeCMg/U1VoLd792HI/AAAAAAAAFnY/7FUALtmMjuo/s1600/tent+rocks+(40)+(Large).JPG
http://2.bp.blogspot.com/-LjAn-zoUhLo/U1VoLofQpQI/AAAAAAAAFng/n_4lmIr27rY/s1600/tent+rocks+(70)+(Large).JPG
http://2.bp.blogspot.com/-NwyNEEBwQz8/Urij67BS9yI/AAAAAAAAEMA/z6ty69d7pPk/s1600/DSC03693+(Medium).JPG
http://2.bp.blogspot.com/-NwyNEEBwQz8/Urij67BS9yI/AAAAAAAAEMA/z6ty69d7pPk/s72-c/DSC03693+(Medium).JPG
http://2.bp.blogspot.com/-NxElXbyMh5Q/Urii488XdEI/AAAAAAAAEKk/HmMFwVVbN9w/s1600/DSC03694+(Medium).JPG
http://2.bp.blogspot.com/-NxElXbyMh5Q/Urii488XdEI/AAAAAAAAEKk/HmMFwVVbN9w/s72-c/DSC03694+(Medium).JPG
http://2.bp.blogspot.com/-O-Ruq7WiNpA/Urix-4_WbeI/AAAAAAAAEP0/LzB6UrCRXZQ/s1600/IMG_1377+%2528Medium%2529.JPG
http://2.bp.blogspot.com/-OPd_ohxeUHQ/Uv0ppWpN1JI/AAAAAAAAE0o/h5jPcD06EIo/s1600/DSC05021+(Large).JPG
http://2.bp.blogspot.com/-P8HnrwvB8cI/UuWT56mFLWI/AAAAAAAAEs4/J-A4Vpp8SpY/s1600/DSC04096+(Large).JPG
http://2.bp.blogspot.com/-PQm_e4sr60w/Tfp1R66KlHI/AAAAAAAAAgU/KZZfn4ZzhHc/s320/14672181591_Zcgvd.jpg
http://2.bp.blogspot.com/-Q8a_oCd3PCs/U1VWAqk87gI/AAAAAAAAFd0/7pAvQSIeDyM/s1600/DSC01119+(Large).JPG
http://2.bp.blogspot.com/-Q8a_oCd3PCs/U1VWAqk87gI/AAAAAAAAFd0/7pAvQSIeDyM/s72-c/DSC01119+(Large).JPG
http://2.bp.blogspot.com/-QbeZBTS-Ju0/U1VoHtYpKHI/AAAAAAAAFms/u54VCXqKEEM/s1600/tent+rocks+(3)+(Large).JPG
http://2.bp.blogspot.com/-QduNW41oKeU/UuWT8_vTcpI/AAAAAAAAEtU/BUi1K6ZAmQs/s1600/DSC04104+(Large).JPG
http://2.bp.blogspot.com/-RiiEiSdnma4/U1VaLnP5aJI/AAAAAAAAFgo/rSTLblylt6Y/s1600/DSC00639+(Large).JPG
http://2.bp.blogspot.com/-SGTWSZOOiA0/UGDuLL4JWjI/AAAAAAAACAE/3pDewfCO90s/s1600/carolecrewsfave+(Large).jpg
http://2.bp.blogspot.com/-SGTWSZOOiA0/UGDuLL4JWjI/AAAAAAAACAE/3pDewfCO90s/s320/carolecrewsfave+(Large).jpg
http://2.bp.blogspot.com/-U-5O_9w9kC0/Urij-Yz_YqI/AAAAAAAAEMk/zjYBD0HrMxE/s1600/DSC03720+(Medium).JPG
http://2.bp.blogspot.com/-UB4hewBdhhw/U1VoG_xTQyI/AAAAAAAAFmY/6HLJrY-Btv0/s1600/tent+rocks+(23)+(Large).JPG
http://2.bp.blogspot.com/-UF4GYpVrHKM/U1VaLEz70pI/AAAAAAAAFgg/BGG2O9RdQb4/s1600/DSC00637+(Large).JPG
http://2.bp.blogspot.com/-UF4GYpVrHKM/U1VaLEz70pI/AAAAAAAAFgg/BGG2O9RdQb4/s72-c/DSC00637+(Large).JPG
http://2.bp.blogspot.com/-VGfqQg-XsbA/Uri0YNTTKwI/AAAAAAAAERA/3N0m_OSiD2E/s1600/IMG_1770+(Medium).JPG
http://2.bp.blogspot.com/-X8uXeq8A5UU/T0027IwdL2I/AAAAAAAABuo/rs_PN7VTaAw/s1600/NM_Taos+County_208+Ranchitos_0001-ne+%28Medium%29.JPG
http://2.bp.blogspot.com/-X8uXeq8A5UU/T0027IwdL2I/AAAAAAAABuo/rs_PN7VTaAw/s320/NM_Taos+County_208+Ranchitos_0001-ne+%28Medium%29.JPG
http://2.bp.blogspot.com/-X8uXeq8A5UU/T0027IwdL2I/AAAAAAAABuo/rs_PN7VTaAw/s72-c/NM_Taos+County_208+Ranchitos_0001-ne+%28Medium%29.JPG
http://2.bp.blogspot.com/-XM53gpoKoBs/UuWT93xYUHI/AAAAAAAAEtg/qENYoU0ZvU8/s1600/DSC04105+(Large).JPG
http://2.bp.blogspot.com/-aGpw4FslBO8/Uv0p3w7U0ZI/AAAAAAAAE24/_QO_0K3A6VA/s1600/DSC05054+(Large).JPG
http://2.bp.blogspot.com/-aKaFjtLHL0w/Uri0TSyFGQI/AAAAAAAAEQA/iztVCBsVXEs/s1600/IMG_1743+(Medium).JPG
http://2.bp.blogspot.com/-av751R8amLs/Uri0S5TQsUI/AAAAAAAAEP8/ywoRtNSV3l8/s1600/IMG_1740+(Medium).JPG
http://2.bp.blogspot.com/-av751R8amLs/Uri0S5TQsUI/AAAAAAAAEP8/ywoRtNSV3l8/s72-c/IMG_1740+(Medium).JPG
http://2.bp.blogspot.com/-bRqtzNfj2bM/U1VklridssI/AAAAAAAAFjM/DohC0aEx8QE/s1600/Cerrillos+(10)+(Large).JPG
http://2.bp.blogspot.com/-baWQZckycCU/UuWT67mjW-I/AAAAAAAAEtI/xlXDB_02zqw/s1600/DSC04102+(Large).JPG
http://2.bp.blogspot.com/-bxGPgG5THms/Uv02nRa8CpI/AAAAAAAAE4Q/ZqFgJ9FjS74/s1600/DSC05138+(Large).JPG
http://2.bp.blogspot.com/-c6eIVXkGfbQ/UGC-5cvw10I/AAAAAAAAB-g/btMxPeGwyKI/s1600/P1030170+(Mobile).JPG
http://2.bp.blogspot.com/-c6eIVXkGfbQ/UGC-5cvw10I/AAAAAAAAB-g/btMxPeGwyKI/s320/P1030170+(Mobile).JPG
http://2.bp.blogspot.com/-dU0FPQ5zbZg/UGC-n3hoUAI/AAAAAAAAB7I/mvp80BhH3_k/s1600/P1030043+(Mobile).JPG
http://2.bp.blogspot.com/-dU0FPQ5zbZg/UGC-n3hoUAI/AAAAAAAAB7I/mvp80BhH3_k/s320/P1030043+(Mobile).JPG
http://2.bp.blogspot.com/-ecJppY8ASQQ/UGC-pxYkkxI/AAAAAAAAB7g/dQzGzKR3Lb8/s1600/P1030061+(Mobile).JPG
http://2.bp.blogspot.com/-f5m0iu9FpF8/UuWUAlqmQiI/AAAAAAAAEt8/-HnFlxmecYU/s1600/DSC04111+(Large).JPG
http://2.bp.blogspot.com/-fXuvoIB0Fy4/Vh-ywoE0KEI/AAAAAAAALYc/HLVaoPSJRpk/s1600/DSC00318%2B%2528Large%2529.JPG
http://2.bp.blogspot.com/-fXuvoIB0Fy4/Vh-ywoE0KEI/AAAAAAAALYc/HLVaoPSJRpk/s200/DSC00318%2B%2528Large%2529.JPG
http://2.bp.blogspot.com/-g0AiWD9S6-c/Urii69kI7hI/AAAAAAAAEK4/GbQvcz4fu6g/s1600/DSC03698+(Medium).JPG
http://2.bp.blogspot.com/-g5pOT0t_nm0/UKvRI6NqrRI/AAAAAAAACA8/CcYpixZywE4/s1600/P1150813+%28Large%29+a.jpg
http://2.bp.blogspot.com/-g5pOT0t_nm0/UKvRI6NqrRI/AAAAAAAACA8/CcYpixZywE4/s320/P1150813+%28Large%29+a.jpg
http://2.bp.blogspot.com/-g5pOT0t_nm0/UKvRI6NqrRI/AAAAAAAACA8/CcYpixZywE4/s72-c/P1150813+%28Large%29+a.jpg
http://2.bp.blogspot.com/-gD8FwFJyLn0/Uri0aFwzGkI/AAAAAAAAERQ/sH5jr1mvx7U/s1600/IMG_1767+(Medium).JPG
http://2.bp.blogspot.com/-gOd6G6vI60U/U1VFiZjF5WI/AAAAAAAAFZk/_hn6BJnGj7o/s1600/nm+supreme+court+(4)+(Large).JPG
http://2.bp.blogspot.com/-geEHIuz8KVU/Tfpzr7bdukI/AAAAAAAAAfc/ixXhaBEKcBg/s1600/P1130730+%2528Large%2529.jpg
http://2.bp.blogspot.com/-isD7JA2j7Uo/U1VkvgS9DvI/AAAAAAAAFlE/zvCdc9pXXTE/s1600/Cerrillos+(6)+(Large).JPG
http://2.bp.blogspot.com/-kJiblfWIrPg/UGC-2BCYzNI/AAAAAAAAB94/V6CzSruuklk/s1600/P1030158+(Mobile).JPG
http://2.bp.blogspot.com/-kJiblfWIrPg/UGC-2BCYzNI/AAAAAAAAB94/V6CzSruuklk/s320/P1030158+(Mobile).JPG
http://2.bp.blogspot.com/-kX0H7RPk9dE/UGC-1TqfptI/AAAAAAAAB9w/NG-58rTWPeY/s1600/P1030155+(Mobile).JPG
http://2.bp.blogspot.com/-kuNmYOhtCiY/UGC-vCRsbtI/AAAAAAAAB8g/ppCR29-RAkA/s1600/P1030089+(Mobile).JPG
http://2.bp.blogspot.com/-kuNmYOhtCiY/UGC-vCRsbtI/AAAAAAAAB8g/ppCR29-RAkA/s320/P1030089+(Mobile).JPG
http://2.bp.blogspot.com/-lFXdbE9a9aw/Uv0pvbcp34I/AAAAAAAAE1g/HYr9VE5USio/s1600/DSC05034+(Large).JPG
http://2.bp.blogspot.com/-ljvV1-zP9wM/UrihFAPGPUI/AAAAAAAAEJ0/Q6zbDzbHJfQ/s1600/DSC03672+(Medium).JPG
http://2.bp.blogspot.com/-lpzP_tRoMZU/U1VoIm6AaKI/AAAAAAAAFm0/IFpaJS3r7T4/s1600/tent+rocks+(33)+(Large).JPG
http://2.bp.blogspot.com/-lzq86GUC3aU/U1Vkr8dRdrI/AAAAAAAAFkQ/1UkNALAb2lA/s1600/Cerrillos+(21)+(Large).JPG
http://2.bp.blogspot.com/-mt0kqPBS7c0/T00z7tjxneI/AAAAAAAABtw/oo3pvnrnCBM/s1600/P1170275+%28Large%29.JPG
http://2.bp.blogspot.com/-mt0kqPBS7c0/T00z7tjxneI/AAAAAAAABtw/oo3pvnrnCBM/s320/P1170275+%28Large%29.JPG
http://2.bp.blogspot.com/-nA1fIIzEo4I/Vh-ywpDhK0I/AAAAAAAALYk/0NYvNlZ8GqQ/s1600/DSC00321%2B%2528Large%2529.JPG
http://2.bp.blogspot.com/-nA1fIIzEo4I/Vh-ywpDhK0I/AAAAAAAALYk/0NYvNlZ8GqQ/s320/DSC00321%2B%2528Large%2529.JPG
http://2.bp.blogspot.com/-nRzELOWv7vk/Tfpzz-iEoCI/AAAAAAAAAf0/0sRjmGQDhKA/s1600/P1130954+%2528Large%2529.JPG
http://2.bp.blogspot.com/-nRzELOWv7vk/Tfpzz-iEoCI/AAAAAAAAAf0/0sRjmGQDhKA/s320/P1130954+%2528Large%2529.JPG
http://2.bp.blogspot.com/-oIsU4UDVndY/Uri0cGWhEUI/AAAAAAAAERk/QAQKc994_YY/s1600/IMG_1772+(Medium).JPG
http://2.bp.blogspot.com/-ovwnMdH0vi0/Tfp0NTHcOWI/AAAAAAAAAf8/83riWZ8RZmw/s320/14672102397_twhgJ.jpg
http://2.bp.blogspot.com/-qaBFBjSZqTU/U1VkkxCPbYI/AAAAAAAAFjA/PGPHfAjCHy4/s1600/Cerrillos+(1)+(Large).JPG
http://2.bp.blogspot.com/-qaBFBjSZqTU/U1VkkxCPbYI/AAAAAAAAFjA/PGPHfAjCHy4/s72-c/Cerrillos+(1)+(Large).JPG
http://2.bp.blogspot.com/-rPFQJkRqQik/Uri72f4NCGI/AAAAAAAAETA/y0m-dQxN1jo/s1600/DSC03614+(Medium).JPG
http://2.bp.blogspot.com/-rZOTfHZKLlw/Uv0p5nFtQaI/AAAAAAAAE3U/vdxBixmMv0I/s1600/DSC05057+(Large).JPG
http://2.bp.blogspot.com/-s9c3-sttBjY/Uv0pzWfhhqI/AAAAAAAAE2Q/RrQP1NwKyCU/s1600/DSC05040+(Large).JPG
http://2.bp.blogspot.com/-v-_Nye_dQWE/U1VoJ5kkjpI/AAAAAAAAFnE/bvSs5ZMeWTQ/s1600/tent+rocks+%2838%29+%28Large%29.JPG
http://2.bp.blogspot.com/-v-_Nye_dQWE/U1VoJ5kkjpI/AAAAAAAAFnE/bvSs5ZMeWTQ/s1600/tent+rocks+(38)+(Large).JPG
http://2.bp.blogspot.com/-v-_Nye_dQWE/U1VoJ5kkjpI/AAAAAAAAFnE/bvSs5ZMeWTQ/s72-c/tent+rocks+(38)+(Large).JPG
http://2.bp.blogspot.com/-ve_pwMCmufQ/UuWT_S18ujI/AAAAAAAAEto/trgu5dH65Tk/s1600/DSC04106+(Large).JPG
http://2.bp.blogspot.com/-voZj9ATFkoA/Tfp4F9txoUI/AAAAAAAAAhg/I3qEk9aoU_8/s1600/P1130783+%2528Large%2529+%2528Large%2529.jpg
http://2.bp.blogspot.com/-voZj9ATFkoA/Tfp4F9txoUI/AAAAAAAAAhg/I3qEk9aoU_8/s320/P1130783+%2528Large%2529+%2528Large%2529.jpg
http://2.bp.blogspot.com/-wGS2ew5D8dI/Uri7wjNh6NI/AAAAAAAAER8/-tuBnMjzlpw/s1600/DSC03573+(Medium).JPG
http://2.bp.blogspot.com/-wYG7x_tpQMg/T0V9_quJdvI/AAAAAAAABqg/TsP-T-QduCY/s1600/P1160222+%28Large%29.JPG
http://2.bp.blogspot.com/-wYG7x_tpQMg/T0V9_quJdvI/AAAAAAAABqg/TsP-T-QduCY/s320/P1160222+%28Large%29.JPG
http://2.bp.blogspot.com/-wnl-ZrILCCc/T002GiAX2_I/AAAAAAAABug/EkGbTAfC6MM/s1600/P1170272+%28Large%29.JPG
http://2.bp.blogspot.com/-wnl-ZrILCCc/T002GiAX2_I/AAAAAAAABug/EkGbTAfC6MM/s320/P1170272+%28Large%29.JPG
http://2.bp.blogspot.com/-xLKkqvkHF4A/UrihHa5QyZI/AAAAAAAAEKM/UV6ylGIsJcQ/s1600/DSC03675+(Medium).JPG
http://2.bp.blogspot.com/-yzuiDEw7KiA/Urips0bBRXI/AAAAAAAAENc/LgRlL1Ii21Q/s1600/IMG_1288+(Medium).JPG
http://2.bp.blogspot.com/_KBRqo9tfmPA/TKO1eFi-DWI/AAAAAAAAANA/DbiO2OewOb4/s1600/P1170284+%28Large%29.JPG
http://2.bp.blogspot.com/_KBRqo9tfmPA/TKO1eFi-DWI/AAAAAAAAANA/DbiO2OewOb4/s320/P1170284+%28Large%29.JPG
http://2.bp.blogspot.com/_KBRqo9tfmPA/TKO1eFi-DWI/AAAAAAAAANA/DbiO2OewOb4/s72-c/P1170284+%28Large%29.JPG
http://2.bp.blogspot.com/_KBRqo9tfmPA/TKOxgnQTPtI/AAAAAAAAAMk/Y6QgQyhROM4/s1600/P1150802+%28Large%29.JPG
http://2.bp.blogspot.com/_KBRqo9tfmPA/TKOxgnQTPtI/AAAAAAAAAMk/Y6QgQyhROM4/s320/P1150802+%28Large%29.JPG
http://2.bp.blogspot.com/_KBRqo9tfmPA/TKOxgnQTPtI/AAAAAAAAAMk/Y6QgQyhROM4/s72-c/P1150802+%28Large%29.JPG
http://3.bp.blogspot.com/-1G_fLjzxzYM/Uv0p0bwkBpI/AAAAAAAAE2U/Azqlxkl9FIo/s1600/DSC05047+(Large).JPG
http://3.bp.blogspot.com/-20Ck956mfO4/UrihGohNwPI/AAAAAAAAEKA/cwgPmahp0b8/s1600/DSC03667+(Medium).JPG
http://3.bp.blogspot.com/-2pKUoxul2zE/UrinkJq9WYI/AAAAAAAAENA/vB2btAhm5DM/s1600/DSC03723+(Medium).JPG
http://3.bp.blogspot.com/-4kOIjzq-TSE/Uriwzu6J1yI/AAAAAAAAEO0/YPIYDs4cPlg/s1600/DSC03740+(Medium).JPG
http://3.bp.blogspot.com/-5Qt-eZnNZHI/U1VWCt5YCLI/AAAAAAAAFeU/3DYrSEZZIUc/s1600/DSC01144+(Large).JPG
http://3.bp.blogspot.com/-6NUxgn6iB_0/UGC-or39DHI/AAAAAAAAB7Q/ZlPPYwV5Dtg/s1600/P1030052+(Mobile).JPG
http://3.bp.blogspot.com/-6NUxgn6iB_0/UGC-or39DHI/AAAAAAAAB7Q/ZlPPYwV5Dtg/s320/P1030052+(Mobile).JPG
http://3.bp.blogspot.com/-6_WnE9Vl5BY/U1VFjSHNtbI/AAAAAAAAFZ0/Pz5azU1nxhE/s1600/nm+supreme+court+(6)+(Large).JPG
http://3.bp.blogspot.com/-6mpKUcq2S8U/U1VkmavUmkI/AAAAAAAAFjU/XmLuvvii8oA/s1600/Cerrillos+(12)+(Large).JPG
http://3.bp.blogspot.com/-728ih255u0E/TfpzywtTQuI/AAAAAAAAAfw/7snZD9sKqeQ/s1600/P1130728+%2528Large%2529.jpg
http://3.bp.blogspot.com/-7OCP1XOCZR8/UrihGYbWXBI/AAAAAAAAEJ8/0q2kTvr_fvE/s1600/DSC03673+(Medium).JPG
http://3.bp.blogspot.com/-7TQRvuq2yM8/U1VWDboz76I/AAAAAAAAFeg/W3HzpaES_C0/s1600/DSC01147+(Large).JPG
http://3.bp.blogspot.com/-8H4UnDaffBo/U1VWDGO7A4I/AAAAAAAAFeY/Gr6eXD783YU/s1600/DSC01146+(Large).JPG
http://3.bp.blogspot.com/-C8KqpznO2Ws/UGC-ySbLtxI/AAAAAAAAB9I/8S3uwbeTiKU/s1600/P1030119+(Mobile).JPG
http://3.bp.blogspot.com/-C8KqpznO2Ws/UGC-ySbLtxI/AAAAAAAAB9I/8S3uwbeTiKU/s320/P1030119+(Mobile).JPG
http://3.bp.blogspot.com/-Cp_kcj9l8A4/UKvRKb3IHlI/AAAAAAAACBM/OT5mdwESJhY/s1600/P1190380+%28Medium%29.JPG
http://3.bp.blogspot.com/-Cp_kcj9l8A4/UKvRKb3IHlI/AAAAAAAACBM/OT5mdwESJhY/s320/P1190380+%28Medium%29.JPG
http://3.bp.blogspot.com/-EM4Z20-LxXo/UripuhAAnmI/AAAAAAAAENw/LyVR9aRUw90/s1600/IMG_1298+(Medium).JPG
http://3.bp.blogspot.com/-EukT1l47rV4/UrihDFBBNDI/AAAAAAAAEJk/Btm8kUYRTLU/s1600/DSC03666+(Medium).JPG
http://3.bp.blogspot.com/-F1Vjyg3nmkQ/Uri7wgR80iI/AAAAAAAAESA/b_yFPZL7ML8/s1600/ABQ+Old+Town+Church+(3)+(Medium).JPG
http://3.bp.blogspot.com/-H6bjG150VVI/UGC-6oknYWI/AAAAAAAAB-w/jkB_1DnI67Q/s1600/P1030178+(Mobile).JPG
http://3.bp.blogspot.com/-H6bjG150VVI/UGC-6oknYWI/AAAAAAAAB-w/jkB_1DnI67Q/s320/P1030178+(Mobile).JPG
http://3.bp.blogspot.com/-Hg1o_qrpNfs/U1VkuusSb4I/AAAAAAAAFk0/M1mCyPPLnlI/s1600/Cerrillos+(4)+(Large).JPG
http://3.bp.blogspot.com/-I8owKSiIpGI/UGC-tTN12gI/AAAAAAAAB8I/eQgdgt5w_Go/s1600/P1030086+(Mobile).JPG
http://3.bp.blogspot.com/-I8owKSiIpGI/UGC-tTN12gI/AAAAAAAAB8I/eQgdgt5w_Go/s320/P1030086+(Mobile).JPG
http://3.bp.blogspot.com/-IC3F6VO-pG4/U1VoE7fz0kI/AAAAAAAAFmE/ZvW7kjeHI_E/s1600/tent+rocks+(17)+(Large).JPG
http://3.bp.blogspot.com/-IGtH9r1STO0/UuWT8opZhuI/AAAAAAAAEtQ/lbmGSEai3cs/s1600/DSC04103+(Large).JPG
http://3.bp.blogspot.com/-Id7XsJj-o2A/Urij9YGdk6I/AAAAAAAAEMY/L87QPALTgOA/s1600/DSC03718+(Medium).JPG
http://3.bp.blogspot.com/-It9Ne7e5Ol4/Urij_zSj5VI/AAAAAAAAEMs/_4THyleNlnw/s1600/DSC03716+(Medium).JPG
http://3.bp.blogspot.com/-JTK7GBgpRvU/U1VFjbSDPvI/AAAAAAAAFZw/Y0QlwZJuQFY/s1600/nm+supreme+court+%285%29+%28Large%29.JPG
http://3.bp.blogspot.com/-JTK7GBgpRvU/U1VFjbSDPvI/AAAAAAAAFZw/Y0QlwZJuQFY/s1600/nm+supreme+court+(5)+(Large).JPG
http://3.bp.blogspot.com/-JTK7GBgpRvU/U1VFjbSDPvI/AAAAAAAAFZw/Y0QlwZJuQFY/s72-c/nm+supreme+court+(5)+(Large).JPG
http://3.bp.blogspot.com/-Jl5suGQQchQ/UGC-t9MSb3I/AAAAAAAAB8Q/NXw36Kgl6ig/s1600/P1030087+(Mobile).JPG
http://3.bp.blogspot.com/-Jl5suGQQchQ/UGC-t9MSb3I/AAAAAAAAB8Q/NXw36Kgl6ig/s320/P1030087+(Mobile).JPG
http://3.bp.blogspot.com/-Ko8c2ngwuX8/TzVQ8x58JvI/AAAAAAAABpE/OQ1FIeYJqcI/s1600/Chimayo_Development_Plan%25281%2529-2.jpg
http://3.bp.blogspot.com/-Ko8c2ngwuX8/TzVQ8x58JvI/AAAAAAAABpE/OQ1FIeYJqcI/s320/Chimayo_Development_Plan%25281%2529-2.jpg
http://3.bp.blogspot.com/-L86-l8gjqWc/U1VkvCiXOYI/AAAAAAAAFk4/iY76PU5TUvY/s1600/Cerrillos+(5)+(Large).JPG
http://3.bp.blogspot.com/-MQxt0KrUtsU/UKvRHba4pDI/AAAAAAAACA0/apDkoHtgpLM/s1600/P1150809+%28Large%29.JPG
http://3.bp.blogspot.com/-MQxt0KrUtsU/UKvRHba4pDI/AAAAAAAACA0/apDkoHtgpLM/s320/P1150809+%28Large%29.JPG
http://3.bp.blogspot.com/-MrstNRNblF8/UGC-womjFmI/AAAAAAAAB8w/ca7ojnbOTHY/s1600/P1030108+(Mobile).JPG
http://3.bp.blogspot.com/-MrstNRNblF8/UGC-womjFmI/AAAAAAAAB8w/ca7ojnbOTHY/s320/P1030108+(Mobile).JPG
http://3.bp.blogspot.com/-OlYAeOUZlWM/U1VklRAAYgI/AAAAAAAAFjE/PHWAfOe2Y84/s1600/Cerrillos+(11)+(Large).JPG
http://3.bp.blogspot.com/-OxcYmCcBt5w/Uv0pqt1eOAI/AAAAAAAAE00/spnjoJB0e6w/s1600/DSC05023+(Large).JPG
http://3.bp.blogspot.com/-P_s_YiUeGVA/Tfp4E_wreMI/AAAAAAAAAhc/UwoERs6t-Ho/s1600/P1130762+%2528Large%2529+%2528Large%2529.jpg
http://3.bp.blogspot.com/-P_s_YiUeGVA/Tfp4E_wreMI/AAAAAAAAAhc/UwoERs6t-Ho/s320/P1130762+%2528Large%2529+%2528Large%2529.jpg
http://3.bp.blogspot.com/-R6R-TmB96qI/U1VkrwP3PpI/AAAAAAAAFkU/QVHzO88HY78/s1600/Cerrillos+(22)+(Large).JPG
http://3.bp.blogspot.com/-U362wkuR0ug/Urii8E-EQMI/AAAAAAAAELA/wVRftAnXKok/s1600/DSC03696+(Medium).JPG
http://3.bp.blogspot.com/-UGoLyadz3io/U1VFjjERn0I/AAAAAAAAFZ4/VMZhnbRVTQI/s1600/nm+supreme+court+(7)+(Large).JPG
http://3.bp.blogspot.com/-UHHtu9Obzaw/U1VaOavPzRI/AAAAAAAAFhM/wGKE1GDFxk8/s1600/DSC00646+(Large).JPG
http://3.bp.blogspot.com/-UzAs9d81RYw/UAXHDg0XD3I/AAAAAAAAB54/OxIOWkwIhEo/s1600/IMG_2030+%2528Large%2529.JPG
http://3.bp.blogspot.com/-UzAs9d81RYw/UAXHDg0XD3I/AAAAAAAAB54/OxIOWkwIhEo/s1600/IMG_2030+%28Large%29.JPG
http://3.bp.blogspot.com/-UzAs9d81RYw/UAXHDg0XD3I/AAAAAAAAB54/OxIOWkwIhEo/s320/IMG_2030+%2528Large%2529.JPG
http://3.bp.blogspot.com/-Ve6KBBCVRX4/Uri74TsFgnI/AAAAAAAAETk/RL5IZBIdkno/s1600/DSC03611+(Medium).JPG
http://3.bp.blogspot.com/-WmkMxXYjzyc/Tfp0uSFFCZI/AAAAAAAAAgE/BGDKc-cY4TU/s320/14672145068_SQ6DV.jpg
http://3.bp.blogspot.com/-a70jDTAQOXY/UGC-m_iMHaI/AAAAAAAAB7A/rr-PKjVwuLI/s1600/P1030033+(Mobile).JPG
http://3.bp.blogspot.com/-a70jDTAQOXY/UGC-m_iMHaI/AAAAAAAAB7A/rr-PKjVwuLI/s320/P1030033+(Mobile).JPG
http://3.bp.blogspot.com/-a70jDTAQOXY/UGC-m_iMHaI/AAAAAAAAB7A/rr-PKjVwuLI/s72-c/P1030033+(Mobile).JPG
http://3.bp.blogspot.com/-bfDNDOmbFMM/Uri70zq83QI/AAAAAAAAESw/6PMKR4y21Lw/s1600/DSC03606+(Medium).JPG
http://3.bp.blogspot.com/-cqmRG_dw9h0/Uri71QpCZxI/AAAAAAAAES4/eGnQrM7cSc8/s1600/DSC03607+(Medium).JPG
http://3.bp.blogspot.com/-dD0Zvke6A7M/Uv0p5DQeTOI/AAAAAAAAE3E/OYxKakbeBRQ/s1600/DSC05056a+(Large).jpg
http://3.bp.blogspot.com/-dTNNZceRjhY/U1Vkwpim3EI/AAAAAAAAFlQ/AARjFK3ENks/s1600/Cerrillos+(7)+(Large).JPG
http://3.bp.blogspot.com/-ds0udZyiXrE/UGC-qbkVFeI/AAAAAAAAB7o/idX4Bsyg8cU/s1600/P1030063+(Mobile).JPG
http://3.bp.blogspot.com/-ds0udZyiXrE/UGC-qbkVFeI/AAAAAAAAB7o/idX4Bsyg8cU/s320/P1030063+(Mobile).JPG
http://3.bp.blogspot.com/-eKXWUG1ofEA/Urii_XXItTI/AAAAAAAAELo/L5pXMsJWkwE/s1600/DSC03706+(Medium).JPG
http://3.bp.blogspot.com/-efTpq_pPbwI/T0WOsw_YQXI/AAAAAAAABqw/kRLG5FTsq14/s1600/P1160316+%28Large%29.JPG
http://3.bp.blogspot.com/-efTpq_pPbwI/T0WOsw_YQXI/AAAAAAAABqw/kRLG5FTsq14/s320/P1160316+%28Large%29.JPG
http://3.bp.blogspot.com/-euR9D4qbgyc/U1Vkt_9ahHI/AAAAAAAAFks/VbYP0PAVcMg/s1600/Cerrillos+(3)+(Large).JPG
http://3.bp.blogspot.com/-fk9AIW5LJpo/TzVQ-T8hk1I/AAAAAAAABpM/-TN3xvA4XRQ/s1600/SantoNino85.jpg
http://3.bp.blogspot.com/-fk9AIW5LJpo/TzVQ-T8hk1I/AAAAAAAABpM/-TN3xvA4XRQ/s320/SantoNino85.jpg
http://3.bp.blogspot.com/-gDqYkVJ1nQU/UriqjrmofVI/AAAAAAAAEOQ/V_BKaDnJGgI/s1600/IMG_1277+(Medium).JPG
http://3.bp.blogspot.com/-henUFeoeInE/UGC-sKA_BvI/AAAAAAAAB74/N8IZ0HkvA_0/s1600/P1030080+(Mobile).JPG
http://3.bp.blogspot.com/-ivykgfQPml0/TzVQ67fRxyI/AAAAAAAABo8/8clOAni_r2w/s1600/Chimayo_Development_Plan%25281%2529-1.jpg
http://3.bp.blogspot.com/-ivykgfQPml0/TzVQ67fRxyI/AAAAAAAABo8/8clOAni_r2w/s320/Chimayo_Development_Plan%25281%2529-1.jpg
http://3.bp.blogspot.com/-jhhOocFOgb4/Tfp3MnU-bcI/AAAAAAAAAg4/tvonnfI9TiU/s1600/P1130796+%2528Large%2529+%25282%2529.jpg
http://3.bp.blogspot.com/-jlkQLMO0dqc/T003jxOy7PI/AAAAAAAABu4/7ixKrHrvL3E/s1600/P1020748+%28Medium%29.JPG
http://3.bp.blogspot.com/-jlkQLMO0dqc/T003jxOy7PI/AAAAAAAABu4/7ixKrHrvL3E/s320/P1020748+%28Medium%29.JPG
http://3.bp.blogspot.com/-l4smIRhEt8E/Tfp4EK_MXqI/AAAAAAAAAhY/Ww_XXdi82u8/s1600/P1130713+%2528Large%2529+%2528Large%2529.JPG
http://3.bp.blogspot.com/-l4smIRhEt8E/Tfp4EK_MXqI/AAAAAAAAAhY/Ww_XXdi82u8/s320/P1130713+%2528Large%2529+%2528Large%2529.JPG
http://3.bp.blogspot.com/-lblrLUNLdG0/Tfp3KgXrltI/AAAAAAAAAgs/vMQ9FdwiJWA/s1600/P1130907+%2528Large%2529+%2528Large%2529.jpg
http://3.bp.blogspot.com/-m9WBLoJyIyw/UriwyyCYd_I/AAAAAAAAEOs/gKrmlO117To/s1600/DSC03737+(Medium).JPG
http://3.bp.blogspot.com/-m9WBLoJyIyw/UriwyyCYd_I/AAAAAAAAEOs/gKrmlO117To/s72-c/DSC03737+(Medium).JPG
http://3.bp.blogspot.com/-odFs4NcroiY/Tfp1CM_uMtI/AAAAAAAAAgM/pPcy9Se7lmw/s320/14672176416_w6B2P.jpg
http://3.bp.blogspot.com/-ojaRl9wAGGY/Tfp4SvDRqlI/AAAAAAAAAh8/0Ahrm2vMdX8/s1600/P1130931+%2528Large%2529+%2528Large%2529.jpg
http://3.bp.blogspot.com/-ojaRl9wAGGY/Tfp4SvDRqlI/AAAAAAAAAh8/0Ahrm2vMdX8/s320/P1130931+%2528Large%2529+%2528Large%2529.jpg
http://3.bp.blogspot.com/-pmJDr5TMGZw/U1VWA_A3PcI/AAAAAAAAFd4/riUNhqqX98Y/s1600/DSC01142+(Large).JPG
http://3.bp.blogspot.com/-qWL0lxNkOhA/Uri72yM7SsI/AAAAAAAAETQ/nNFkHtNNkRA/s1600/DSC03618+(Medium).JPG
http://3.bp.blogspot.com/-qdoinTHTdU4/Uri0Ut9n80I/AAAAAAAAEQU/TS3wZe-bpTg/s1600/IMG_1753+(Medium).JPG
http://3.bp.blogspot.com/-qegTVKxoRr8/U1VoFdY3TdI/AAAAAAAAFmI/PS8jVBXL9I8/s1600/tent+rocks+(2)+(Large).JPG
http://3.bp.blogspot.com/-s-Atq51Q594/U1VkptdwbfI/AAAAAAAAFj4/57rCpD9lLkw/s1600/Cerrillos+(18)+(Large).JPG
http://3.bp.blogspot.com/-sfWeP3l639s/U1Vkqr8brbI/AAAAAAAAFkI/yumqm66sI2s/s1600/Cerrillos+(2)+(Large).JPG
http://3.bp.blogspot.com/-tMLDGEIoAq8/UGC-xTHlHEI/AAAAAAAAB84/0fRe3gArKRI/s1600/P1030111+(Mobile).JPG
http://3.bp.blogspot.com/-tMLDGEIoAq8/UGC-xTHlHEI/AAAAAAAAB84/0fRe3gArKRI/s320/P1030111+(Mobile).JPG
http://3.bp.blogspot.com/-tsNWj7xBrV4/UriwzfI7iYI/AAAAAAAAEOw/W3EuLKzE4KE/s1600/DSC03738+(Medium).JPG
http://3.bp.blogspot.com/-uJRFPgik_AU/UrihEnXRdSI/AAAAAAAAEJs/FF-hSZlwJ68/s1600/DSC03668+(Medium).JPG
http://3.bp.blogspot.com/-uZfYfMX6STY/Uv0puUwROPI/AAAAAAAAE1c/cvGe9KNgV6I/s1600/DSC05033+(Large).JPG
http://3.bp.blogspot.com/-uiucwGo13-w/UrijBvbiLoI/AAAAAAAAEL0/Z5gQotSWmmY/s1600/DSC03709+(Medium).JPG
http://3.bp.blogspot.com/-wrulRzEeDa8/Uri75-JIjVI/AAAAAAAAET8/Al0joEeqUCQ/s1600/DSC03628+(Medium).JPG
http://3.bp.blogspot.com/-xGcOpuOi5Hs/TzVRAJP6AnI/AAAAAAAABpU/bZblSwrL85A/s1600/Santuario-144-Enhanced.jpg
http://3.bp.blogspot.com/-xGcOpuOi5Hs/TzVRAJP6AnI/AAAAAAAABpU/bZblSwrL85A/s320/Santuario-144-Enhanced.jpg
http://3.bp.blogspot.com/-xGcOpuOi5Hs/TzVRAJP6AnI/AAAAAAAABpU/bZblSwrL85A/s72-c/Santuario-144-Enhanced.jpg
http://3.bp.blogspot.com/-xf6HUjhCTnQ/UGC-3sNypBI/AAAAAAAAB-I/BSXJuujEGlc/s1600/P1030160+(Mobile).JPG
http://3.bp.blogspot.com/-xf6HUjhCTnQ/UGC-3sNypBI/AAAAAAAAB-I/BSXJuujEGlc/s320/P1030160+(Mobile).JPG
http://3.bp.blogspot.com/-xipZYPDF-S0/U1VFh1Gj-JI/AAAAAAAAFZc/WoFf56c1bWw/s1600/nm+supreme+court+(3)+(Large).JPG
http://3.bp.blogspot.com/-yInnL3l-ILU/Urii5Udms6I/AAAAAAAAEKo/0MBecmwrU7s/s1600/DSC03695+(Medium).JPG
http://3.bp.blogspot.com/-z3b0twcNNrY/Uriw0YAdlwI/AAAAAAAAEPI/sg0fDCwE7M0/s1600/DSC03741+(Medium).JPG
http://3.bp.blogspot.com/_KBRqo9tfmPA/TKO0CFUygYI/AAAAAAAAAM0/04gXA3WLASQ/s1600/P1100784+%28Large%29.JPG
http://3.bp.blogspot.com/_KBRqo9tfmPA/TKO0CFUygYI/AAAAAAAAAM0/04gXA3WLASQ/s320/P1100784+%28Large%29.JPG
http://3.bp.blogspot.com/_KBRqo9tfmPA/TKO0CFUygYI/AAAAAAAAAM0/04gXA3WLASQ/s72-c/P1100784+%28Large%29.JPG
http://3.bp.blogspot.com/_KBRqo9tfmPA/TKO0YtzrNJI/AAAAAAAAAM4/pZZxxLINV0I/s1600/P1170255+%28Large%29.JPG
http://3.bp.blogspot.com/_KBRqo9tfmPA/TKO0YtzrNJI/AAAAAAAAAM4/pZZxxLINV0I/s320/P1170255+%28Large%29.JPG
http://3.bp.blogspot.com/_KBRqo9tfmPA/TKO0YtzrNJI/AAAAAAAAAM4/pZZxxLINV0I/s72-c/P1170255+%28Large%29.JPG
http://3.bp.blogspot.com/_KBRqo9tfmPA/TKOy103u_sI/AAAAAAAAAMo/CTwiN-QHOoQ/s1600/P1170279+%28Large%29.JPG
http://3.bp.blogspot.com/_KBRqo9tfmPA/TKOy103u_sI/AAAAAAAAAMo/CTwiN-QHOoQ/s320/P1170279+%28Large%29.JPG
http://3.bp.blogspot.com/_KBRqo9tfmPA/TKOy103u_sI/AAAAAAAAAMo/CTwiN-QHOoQ/s72-c/P1170279+%28Large%29.JPG
http://4.bp.blogspot.com/--MV9eajC0DY/UGC-v-vOi6I/AAAAAAAAB8o/sQcS6KMgKcU/s1600/P1030093+(Mobile).JPG
http://4.bp.blogspot.com/--MV9eajC0DY/UGC-v-vOi6I/AAAAAAAAB8o/sQcS6KMgKcU/s320/P1030093+(Mobile).JPG
http://4.bp.blogspot.com/-1tx_8rCYQ00/Vh-yxpwWpRI/AAAAAAAALY8/ycP-BnKC0wg/s1600/DSC00323%2B%2528Large%2529.JPG
http://4.bp.blogspot.com/-1tx_8rCYQ00/Vh-yxpwWpRI/AAAAAAAALY8/ycP-BnKC0wg/s200/DSC00323%2B%2528Large%2529.JPG
http://4.bp.blogspot.com/-4OQ3-rBx30E/Uri7y9h2WCI/AAAAAAAAESc/fvhfLwLauu8/s1600/DSC03579+(Medium).JPG
http://4.bp.blogspot.com/-5NGyaFWspQ4/U1VoGOAB0hI/AAAAAAAAFmU/Cg6d7z4j4NI/s1600/tent+rocks+(20)+(Large).JPG
http://4.bp.blogspot.com/-5UbNRx8M3ws/U1VoKlHeJKI/AAAAAAAAFnM/JdkKPEyS7RY/s1600/tent+rocks+(39)+(Large).JPG
http://4.bp.blogspot.com/-6rrkZyQVZz8/TfpzxbLfTfI/AAAAAAAAAfo/pNivwvbw7TU/s1600/P1130682+%2528Large%2529.jpg
http://4.bp.blogspot.com/-6rrkZyQVZz8/TfpzxbLfTfI/AAAAAAAAAfo/pNivwvbw7TU/s320/P1130682+%2528Large%2529.jpg
http://4.bp.blogspot.com/-6rrkZyQVZz8/TfpzxbLfTfI/AAAAAAAAAfo/pNivwvbw7TU/s72-c/P1130682+%2528Large%2529.jpg
http://4.bp.blogspot.com/-9io4toKv-NA/U1VaMdFp0AI/AAAAAAAAFg4/NxfRkL2uyMQ/s1600/DSC00642+(Large).JPG
http://4.bp.blogspot.com/-AOtlqLtrUJM/U1VWBmDhXnI/AAAAAAAAFeM/cAXdUNGx26M/s1600/DSC01143+(Large).JPG
http://4.bp.blogspot.com/-B6KxWS3jJWM/Uv02mTWxO3I/AAAAAAAAE4E/xuawpFTEGaY/s1600/DSC05135+(Large).JPG
http://4.bp.blogspot.com/-BBvuH-_h80o/UGDOOHQPxMI/AAAAAAAAB_o/kJEch9KprN0/s1600/carolecrews7a.JPG
http://4.bp.blogspot.com/-BBvuH-_h80o/UGDOOHQPxMI/AAAAAAAAB_o/kJEch9KprN0/s320/carolecrews7a.JPG
http://4.bp.blogspot.com/-BGaaljbldSE/UGC-6Gdj_KI/AAAAAAAAB-o/pgL6X7YDFLc/s1600/P1030171+(Mobile).JPG
http://4.bp.blogspot.com/-BGaaljbldSE/UGC-6Gdj_KI/AAAAAAAAB-o/pgL6X7YDFLc/s320/P1030171+(Mobile).JPG
http://4.bp.blogspot.com/-BjMhOW4HUFg/T00zxcCHZ9I/AAAAAAAABto/w1UkVUrLVJc/s1600/NM_Taos+County_151+Kit+Carson_0001-se+%28Medium%29.JPG
http://4.bp.blogspot.com/-BjMhOW4HUFg/T00zxcCHZ9I/AAAAAAAABto/w1UkVUrLVJc/s320/NM_Taos+County_151+Kit+Carson_0001-se+%28Medium%29.JPG
http://4.bp.blogspot.com/-BjMhOW4HUFg/T00zxcCHZ9I/AAAAAAAABto/w1UkVUrLVJc/s72-c/NM_Taos+County_151+Kit+Carson_0001-se+%28Medium%29.JPG
http://4.bp.blogspot.com/-BqC_UJGNYqg/Vh-yxiSalgI/AAAAAAAALY4/excrKepoHss/s1600/DSC00324%2B%2528Large%2529.JPG
http://4.bp.blogspot.com/-BqC_UJGNYqg/Vh-yxiSalgI/AAAAAAAALY4/excrKepoHss/s400/DSC00324%2B%2528Large%2529.JPG
http://4.bp.blogspot.com/-Cl7YQDrbiIo/Uri7-Iv3SDI/AAAAAAAAEUk/q_75BKbRUT0/s1600/DSC03640+(Medium).JPG
http://4.bp.blogspot.com/-CwXz8sRizCY/UAXHEcQ2CCI/AAAAAAAAB6A/P5H64JCYhUM/s1600/IMG_2039+%2528Large%2529.JPG
http://4.bp.blogspot.com/-CwXz8sRizCY/UAXHEcQ2CCI/AAAAAAAAB6A/P5H64JCYhUM/s1600/IMG_2039+%28Large%29.JPG
http://4.bp.blogspot.com/-CwXz8sRizCY/UAXHEcQ2CCI/AAAAAAAAB6A/P5H64JCYhUM/s320/IMG_2039+%2528Large%2529.JPG
http://4.bp.blogspot.com/-D1lRvSZavm0/Uv0pv2HwUTI/AAAAAAAAE1o/jMPbEFzRZJ4/s1600/DSC05035+(Large).JPG
http://4.bp.blogspot.com/-E3wI1sOGWTQ/UGC-zF3iULI/AAAAAAAAB9Q/Ynw9XDt8Fv8/s1600/P1030121+(Mobile).JPG
http://4.bp.blogspot.com/-E3wI1sOGWTQ/UGC-zF3iULI/AAAAAAAAB9Q/Ynw9XDt8Fv8/s320/P1030121+(Mobile).JPG
http://4.bp.blogspot.com/-GIP2Hj5gtb0/UGC-umuCxfI/AAAAAAAAB8Y/Wjx6WOp7DxY/s1600/P1030088+(Mobile).JPG
http://4.bp.blogspot.com/-HyWtGU_UKrw/Uriw25T4gbI/AAAAAAAAEPk/Sc4VzFF3fLc/s1600/DSC03754+(Medium).JPG
http://4.bp.blogspot.com/-J9ncwyjM2Aw/Uri775n2s2I/AAAAAAAAEUM/XwW0qvHU48M/s1600/DSC03631+(Medium).JPG
http://4.bp.blogspot.com/-JP5DApczlaA/T0V6NycFGMI/AAAAAAAABqY/9glx00-4Q68/s1600/P1160245+%28Large%29.JPG
http://4.bp.blogspot.com/-JP5DApczlaA/T0V6NycFGMI/AAAAAAAABqY/9glx00-4Q68/s320/P1160245+%28Large%29.JPG
http://4.bp.blogspot.com/-JP5DApczlaA/T0V6NycFGMI/AAAAAAAABqY/9glx00-4Q68/s72-c/P1160245+%28Large%29.JPG
http://4.bp.blogspot.com/-JqzgqOm9WyY/T_XrFh17H6I/AAAAAAAAB4M/XTZPpmdP-k8/s1600/P1140755+%28Large%29.JPG
http://4.bp.blogspot.com/-JqzgqOm9WyY/T_XrFh17H6I/AAAAAAAAB4M/XTZPpmdP-k8/s320/P1140755+%28Large%29.JPG
http://4.bp.blogspot.com/-KFVQvQ4RvCU/Uv0ptoAR6ZI/AAAAAAAAE1M/KwPliFdbvfw/s1600/DSC05032+(Large).JPG
http://4.bp.blogspot.com/-Kt_RfmhoMbw/UuWT5ZYwFwI/AAAAAAAAEsw/6RqOZHz6CMU/s1600/DSC04101+(Large).JPG
http://4.bp.blogspot.com/-Kvi15VH125M/Urii_THYnyI/AAAAAAAAELk/zRFk5FvZrEg/s1600/DSC03710+(Medium).JPG
http://4.bp.blogspot.com/-LKUfxyF1jdk/Uriw1hhPZ3I/AAAAAAAAEPM/NynWXsiGM0o/s1600/DSC03752+(Medium).JPG
http://4.bp.blogspot.com/-Ls2NQLnFYU0/U1VoHCLm0wI/AAAAAAAAFmg/zkl5ja6TTvA/s1600/tent+rocks+(26)+(Large).JPG
http://4.bp.blogspot.com/-M0dBpqrjB_Q/Uv0p2bQFwzI/AAAAAAAAE2s/63B7oXARs7o/s1600/DSC05052+(Large).JPG
http://4.bp.blogspot.com/-M7saTUiEo_o/Uv0pmUX468I/AAAAAAAAE0U/QriT-jF9m3A/s1600/DSC05015+(Large).JPG
http://4.bp.blogspot.com/-MKdRndVND5I/Uri7zypitII/AAAAAAAAESk/Pz8o10af93I/s1600/DSC03604+(Medium).JPG
http://4.bp.blogspot.com/-MlEktHhI0C0/Urij8h_PWkI/AAAAAAAAEMc/iPuFDDGyUos/s1600/DSC03715+(Medium).JPG
http://4.bp.blogspot.com/-MqWRn3FjMoQ/Uri0a1WdoDI/AAAAAAAAERY/kOBEXysQ92s/s1600/IMG_1779+(Medium).JPG
http://4.bp.blogspot.com/-OQjxX9SNn0U/UrihCzBAWJI/AAAAAAAAEJc/DzjisNTElBw/s1600/DSC03663+(Medium).JPG
http://4.bp.blogspot.com/-PerHO1BUEWA/U1VoI1_M5EI/AAAAAAAAFm4/kILUTix4JkQ/s1600/tent+rocks+(35)+(Large).JPG
http://4.bp.blogspot.com/-Rg2vGOim3Wo/Uv0p6oREvlI/AAAAAAAAE3Y/1qSKvkGQ_Es/s1600/DSC05058+(Large).JPG
http://4.bp.blogspot.com/-S8kZfAWS7hA/T001QEk3VEI/AAAAAAAABuQ/xnwYXO42J7A/s1600/P1040815+%28Medium%29.JPG
http://4.bp.blogspot.com/-S8kZfAWS7hA/T001QEk3VEI/AAAAAAAABuQ/xnwYXO42J7A/s320/P1040815+%28Medium%29.JPG
http://4.bp.blogspot.com/-SBfsez5Yrl0/UGC-xy72PLI/AAAAAAAAB9A/9IBk0LMoaQM/s1600/P1030112+(Mobile).JPG
http://4.bp.blogspot.com/-WRIXuecEZ04/Uv0prSkvj3I/AAAAAAAAE04/doJuE3zJ4Go/s1600/DSC05024+(Large).JPG
http://4.bp.blogspot.com/-X92j3IMoZiA/T001NztPpkI/AAAAAAAABt4/HEor3jT-RRM/s1600/P1030606+%28Medium%29.JPG
http://4.bp.blogspot.com/-X92j3IMoZiA/T001NztPpkI/AAAAAAAABt4/HEor3jT-RRM/s320/P1030606+%28Medium%29.JPG
http://4.bp.blogspot.com/-X92j3IMoZiA/T001NztPpkI/AAAAAAAABt4/HEor3jT-RRM/s72-c/P1030606+%28Medium%29.JPG
http://4.bp.blogspot.com/-XPLhWSpWcRE/UGDPCP0-XkI/AAAAAAAAB_w/Rxyl3S0GalQ/s1600/carolecrews63a.JPG
http://4.bp.blogspot.com/-XPLhWSpWcRE/UGDPCP0-XkI/AAAAAAAAB_w/Rxyl3S0GalQ/s320/carolecrews63a.JPG
http://4.bp.blogspot.com/-Y5WGU6sSLuU/UAXHFA09B3I/AAAAAAAAB6I/0P-oZ9sQfDM/s1600/IMG_2040+%2528Large%2529.JPG
http://4.bp.blogspot.com/-Y5WGU6sSLuU/UAXHFA09B3I/AAAAAAAAB6I/0P-oZ9sQfDM/s320/IMG_2040+%2528Large%2529.JPG
http://4.bp.blogspot.com/-Y5WGU6sSLuU/UAXHFA09B3I/AAAAAAAAB6I/0P-oZ9sQfDM/s72-c/IMG_2040+%2528Large%2529.JPG
http://4.bp.blogspot.com/-YARvhlHgdRY/Uri0WPfXxmI/AAAAAAAAEQo/Te3Q3igk43k/s1600/IMG_1748+(Medium).JPG
http://4.bp.blogspot.com/-Z4j5Dv-ruEg/TtZ8et4j_5I/AAAAAAAABXU/pTkSMNf_QbY/s1600/Puebloan+Style.jpg
http://4.bp.blogspot.com/-Z4j5Dv-ruEg/TtZ8et4j_5I/AAAAAAAABXU/pTkSMNf_QbY/s400/Puebloan+Style.jpg
http://4.bp.blogspot.com/-Z4j5Dv-ruEg/TtZ8et4j_5I/AAAAAAAABXU/pTkSMNf_QbY/s72-c/Puebloan+Style.jpg
http://4.bp.blogspot.com/-ZELfD4U9jlw/Uri7y8ZIClI/AAAAAAAAESY/O1ruxkkcQ1Y/s1600/DSC03595+(Medium).JPG
http://4.bp.blogspot.com/-ZG5QFtL4FFc/Uv0p3VyNfII/AAAAAAAAE20/muFXzzR6kfU/s1600/DSC05053+(Large).JPG
http://4.bp.blogspot.com/-aAYoA6179J4/Uri74T-DY0I/AAAAAAAAETg/0fcY9ctatHs/s1600/DSC03623+(Medium).JPG
http://4.bp.blogspot.com/-bXhL1T6mnIU/Uv0p87vkU1I/AAAAAAAAE3s/U2GBh-L_xvU/s1600/DSC05061+(Large).JPG
http://4.bp.blogspot.com/-d4kYkXJpST0/UuWUBt1J4RI/AAAAAAAAEuM/XXxfjOJHdso/s1600/DSC04114+(Large).JPG
http://4.bp.blogspot.com/-hcEmbJAFmeU/Vh-yxzrf8ZI/AAAAAAAALZY/pmLTCweq5zQ/s1600/DSC00325%2B%2528Large%2529.JPG
http://4.bp.blogspot.com/-hcEmbJAFmeU/Vh-yxzrf8ZI/AAAAAAAALZY/pmLTCweq5zQ/s320/DSC00325%2B%2528Large%2529.JPG
http://4.bp.blogspot.com/-iUOk7gSdhnY/Uv0pzsu1lPI/AAAAAAAAE2I/nVFNB_6kbuQ/s1600/DSC05042+(Large).JPG
http://4.bp.blogspot.com/-kmDfmnLWyyo/Uri765PQZVI/AAAAAAAAET0/YfHED1gXSgo/s1600/DSC03630+(Medium).JPG
http://4.bp.blogspot.com/-leFPlXlu3Xs/U1VWBDTla-I/AAAAAAAAFd8/_BDILIi8HMc/s1600/DSC01120+(Large).JPG
http://4.bp.blogspot.com/-mjGNMMQZ-SU/Uri0Wt_HBJI/AAAAAAAAEQw/zI03-_j9VJE/s1600/IMG_1763+(Medium).JPG
http://4.bp.blogspot.com/-mjjpfCY_CCc/UGC-zl6L6EI/AAAAAAAAB9Y/6qe0Xt996Rc/s1600/P1030138+(Mobile).JPG
http://4.bp.blogspot.com/-mjjpfCY_CCc/UGC-zl6L6EI/AAAAAAAAB9Y/6qe0Xt996Rc/s320/P1030138+(Mobile).JPG
http://4.bp.blogspot.com/-mp2AJuNTzNA/Uri0TRRl_nI/AAAAAAAAEQE/s6ZaQ6fcb_k/s1600/IMG_1745+(Medium).JPG
http://4.bp.blogspot.com/-oUAv7EmlSww/TfpzyEX0zwI/AAAAAAAAAfs/IzJNVx6uDkY/s1600/P1130712+%2528Large%2529.jpg
http://4.bp.blogspot.com/-pOKeyt3j8z4/UuWUBMGTrPI/AAAAAAAAEuE/N-9JAg30VPo/s1600/DSC04113+(Large).JPG
http://4.bp.blogspot.com/-pvYTAtigqms/Uv0pncW3ejI/AAAAAAAAE0c/7xOi5UWCpWA/s1600/DSC05020+(Large).JPG
http://4.bp.blogspot.com/-r_b_W-98IrE/Uv0p0xW23ZI/AAAAAAAAE2c/qECaq2Kzguw/s1600/DSC05050+(Large).JPG
http://4.bp.blogspot.com/-rvkJgVc_kR0/UGC-48rrAtI/AAAAAAAAB-Y/O8AM94YUATs/s1600/P1030167+(Mobile).JPG
http://4.bp.blogspot.com/-rvkJgVc_kR0/UGC-48rrAtI/AAAAAAAAB-Y/O8AM94YUATs/s320/P1030167+(Mobile).JPG
http://4.bp.blogspot.com/-uyNl4YPZvB8/U1VaNyuqHzI/AAAAAAAAFhI/2lR9jCREb0I/s1600/DSC00645+(Large).JPG
http://4.bp.blogspot.com/-vuvBRFpuANw/T_XrDmmqcxI/AAAAAAAAB38/3SWmz1DK7-M/s1600/P1140742+%28Large%29.JPG
http://4.bp.blogspot.com/-vuvBRFpuANw/T_XrDmmqcxI/AAAAAAAAB38/3SWmz1DK7-M/s320/P1140742+%28Large%29.JPG
http://4.bp.blogspot.com/-wldjYifYr54/Uv0pr7gwmbI/AAAAAAAAE08/LRTMhW1ayGs/s1600/DSC05028+(Large).JPG
http://4.bp.blogspot.com/-xg8Fu2inSDU/Urii-F6t0rI/AAAAAAAAELY/_iyvniT3oIc/s1600/DSC03707+(Medium).JPG
http://4.bp.blogspot.com/-yX0BWX97Am4/U1Vkp76aHuI/AAAAAAAAFj8/ex2GJajtd5c/s1600/Cerrillos+(16)+(Large).JPG
http://4.bp.blogspot.com/-yXW4ZpRESzA/UGC-soMbjII/AAAAAAAAB8A/F_dRrFo5IYQ/s1600/P1030085+(Mobile).JPG
http://4.bp.blogspot.com/-yXW4ZpRESzA/UGC-soMbjII/AAAAAAAAB8A/F_dRrFo5IYQ/s320/P1030085+(Mobile).JPG
http://4.bp.blogspot.com/_KBRqo9tfmPA/TKO117qd-pI/AAAAAAAAANE/TKqfUysTV2o/s1600/P1160289+%28Large%29.JPG
http://4.bp.blogspot.com/_KBRqo9tfmPA/TKO117qd-pI/AAAAAAAAANE/TKqfUysTV2o/s320/P1160289+%28Large%29.JPG
http://4.bp.blogspot.com/_KBRqo9tfmPA/TKO117qd-pI/AAAAAAAAANE/TKqfUysTV2o/s72-c/P1160289+%28Large%29.JPG
http://4.bp.blogspot.com/_KBRqo9tfmPA/TKO1CT-1iLI/AAAAAAAAAM8/8GEPsIRRCRE/s1600/Miramon+S+%28Medium%29.JPG
http://4.bp.blogspot.com/_KBRqo9tfmPA/TKO1CT-1iLI/AAAAAAAAAM8/8GEPsIRRCRE/s320/Miramon+S+%28Medium%29.JPG
http://4.bp.blogspot.com/_KBRqo9tfmPA/TKO1CT-1iLI/AAAAAAAAAM8/8GEPsIRRCRE/s72-c/Miramon+S+%28Medium%29.JPG
http://Territorial
http://a9.com/-/spec/opensearchrss/1.0/
http://carolecrews.com/
http://carolecrews.com/book/
http://draft.blogger.com/
http://draft.blogger.com/goog_1640143465
http://helplogger.googlecode.com/svn/trunk/recent-posts-with-titles-only.js&amp;quot;&amp;gt;&amp;lt;/script&amp;gt
http://kindomains.archinia.com/2011/01/arid-mediterranean-climatic-zone-design.html
http://kindomains.archinia.com/2011/01/southwest-vernacular-zone.html
http://newmexicoarchitecture.blogspot.com/
http://newmexicoarchitecture.blogspot.com/2010/09/nm-queen-anne-and-victorian-style.html
http://newmexicoarchitecture.blogspot.com/2010/09/northern-new-mexico-style-architecure.html
http://newmexicoarchitecture.blogspot.com/2010/09/northern-new-mexico-style-architecure.html?showComment=1451749762815#c7799840293987146784
http://newmexicoarchitecture.blogspot.com/2010/09/puebloan-architecture-traits.html
http://newmexicoarchitecture.blogspot.com/2010/09/spanish-colonial-architecture-traits.html
http://newmexicoarchitecture.blogspot.com/2010/09/spanish-pueblo-revival-style.html
http://newmexicoarchitecture.blogspot.com/feeds/posts/default?orderby=published&amp;amp;alt=json-in-script&amp;amp;callback=showrecentposts&amp;quot;&amp;gt;&amp;lt;/script&amp;gt;&amp;lt;/div&amp;gt;&lt;/b:widget-setting&gt
http://newmexicoarchitecture.blogspot.com/p/all-posts.html
http://newmexicoarchitecture.blogspot.com/p/taos-architecture-lesson-1-pueblo-style.html
http://newmexicoarchitecture.blogspot.com/p/taos-architecture-lesson-2-spanish.html
http://newmexicoarchitecture.blogspot.com/p/taos-architecture-lesson-3-franco.html
http://newmexicoarchitecture.blogspot.com/p/taos-architecture-lesson-4-territorial.html
http://newmexicoarchitecture.blogspot.com/p/taos-architecture-lesson-5-victorian.html
http://newmexicoarchitecture.blogspot.com/p/taos-architecture-lesson-6-railroad-and.html
http://newmexicoarchitecture.blogspot.com/p/taos-architecture-lesson-7-spanish.html
http://poehcenter.com/center/poeh-cultural-center/facilities.html
http://purl.org/atom/app#
http://purl.org/syndication/thread/1.0
http://rachelpreston.blogspot.com/2010/07/enjarre-of-san-francisco-de-asis.html
http://rachelpreston.blogspot.com/2010/07/taos-sacred-places-san-francisco-de.html
http://rachelprestonprinz.blogspot.com/2014/06/nmtrue-adventures-in-architecture_23.html?spref=bl
http://rachelprestonprinz.blogspot.com/2015/12/ethnobotany-and-plant-use-in-newmexicos.html?spref=bl
http://revolutionculturejournal.com/El%20Nino%20Chapel.htm
http://santafegreenline.ning.com/profiles/blog/list?user=3ps3umo9us0hv
http://schema.org/Blog
http://schema.org/BlogPosting
http://schema.org/Person
http://schemas.google.com/blogger/2008/kind#comment
http://schemas.google.com/blogger/2008/kind#page
http://schemas.google.com/blogger/2008/kind#post
http://schemas.google.com/blogger/2008/kind#settings
http://schemas.google.com/blogger/2008/kind#template
http://schemas.google.com/g/2005
http://schemas.google.com/g/2005#feed
http://schemas.google.com/g/2005#kind
http://schemas.google.com/g/2005#post
http://schemas.google.com/g/2005#thumbnail
http://search.yahoo.com/mrss/
http://taosarchitecture.blogspot.com/2011/01/2010-taos-pueblo-restoration.html
http://taoshistoricmuseums.org/
http://tedxabq.com/
http://www.abqjournal.com/letters/new
http://www.abqjournal.com/letters/new&lt;/a&gt;&lt;/span&gt;&lt;/div&gt;&lt;div
http://www.amazon.com/Benignas-Chimayo-Cuentos-Old-Plaza/dp/0890133824
http://www.amazon.com/Clay-Culture-Plasters-Paints-Preservation/dp/0984222901
http://www.amazon.com/Sabinos-Map-Life-Chimayos-Plaza/dp/0890132909
http://www.archaeoarchitects.com/
http://www.archinia.com/
http://www.archinia.com/photography/-carole-crews-class.html
http://www.blogger.com/atom/ns#
http://www.cabq.gov/biopark/garden
http://www.cabq.gov/museum/thismonth.html
http://www.cabq.gov/openspace/riograndevalley.html
http://www.elmeze.com/
http://www.georss.org/georss
http://www.google.com/2005/gml/b
http://www.google.com/2005/gml/data
http://www.google.com/2005/gml/expr
http://www.hanayagi.net/
http://www.hcn.org/issues/201/10441
http://www.hulsewarmangallery.com/hulsewarmangallery/home.html
http://www.indiegogo.com/project/610886/widget/5523988
http://www.macnabdesign.com/
http://www.newmexicohistory.org/filedetails_docs.php?fileID=505%20
http://www.riograndesun.com/forms/letters/
http://www.riograndesun.com/forms/letters/&lt;/a&gt;&lt;/span&gt;&lt;/div&gt;&lt;div
http://www.riverafamilyfuneralhome.com/
http://www.santafenewmexican.com/SendLetter/
http://www.santafenewmexican.com/SendLetter/&lt;/a&gt;&lt;/span&gt;&lt;/div&gt;&lt;div
http://www.truewestmagazine.com/jcontent/true-westerners/true-westerners/what-history-taught-me/2887-lynda-a-sanchez-author
http://www.w3.org/1999/xhtml
http://www.w3.org/2005/Atom
https://add.my.yahoo.com/content?url=&amp;quot
https://apis.google.com/js/plusone.js&amp;quot;&amp;gt;&amp;lt;/script&amp;gt
https://mapsengine.google.com/map/embed?mid=zVVnOnX7vYDM.kqCHv5KXlRgc
https://newmexicoarchitecture.blogspot.com/
https://newmexicoarchitecture.blogspot.com/2010/09/nm-gardens-and-landscapes.html
https://newmexicoarchitecture.blogspot.com/2010/09/nm-gardens-and-landscapes.html#comment-form
https://newmexicoarchitecture.blogspot.com/2010/09/nm-queen-anne-and-victorian-style.html
https://newmexicoarchitecture.blogspot.com/2010/09/nm-queen-anne-and-victorian-style.html#comment-form
https://newmexicoarchitecture.blogspot.com/2010/09/northern-new-mexico-style-architecure.html
https://newmexicoarchitecture.blogspot.com/2010/09/northern-new-mexico-style-architecure.html#comment-form
https://newmexicoarchitecture.blogspot.com/2010/09/puebloan-architecture-traits.html
https://newmexicoarchitecture.blogspot.com/2010/09/puebloan-architecture-traits.html#comment-form
https://newmexicoarchitecture.blogspot.com/2010/09/spanish-american-architectural.html
https://newmexicoarchitecture.blogspot.com/2010/09/spanish-american-architectural.html#comment-form
https://newmexicoarchitecture.blogspot.com/2010/09/spanish-colonial-architecture-traits.html
https://newmexicoarchitecture.blogspot.com/2010/09/spanish-colonial-architecture-traits.html#comment-form
https://newmexicoarchitecture.blogspot.com/2010/09/spanish-pueblo-revival-style.html
https://newmexicoarchitecture.blogspot.com/2010/09/spanish-pueblo-revival-style.html#comment-form
https://newmexicoarchitecture.blogspot.com/2010/09/territorial-style-architecture-traits.html
https://newmexicoarchitecture.blogspot.com/2010/09/territorial-style-architecture-traits.html#comment-form
https://newmexicoarchitecture.blogspot.com/2011/01/link-to-my-southwest-vernacular-zone.html
https://newmexicoarchitecture.blogspot.com/2011/01/link-to-my-southwest-vernacular-zone.html#comment-form
https://newmexicoarchitecture.blogspot.com/2011/08/navigating-tax-credits.html
https://newmexicoarchitecture.blogspot.com/2011/08/navigating-tax-credits.html#comment-form
https://newmexicoarchitecture.blogspot.com/2011/11/puebloan-style-trait-chart.html
https://newmexicoarchitecture.blogspot.com/2011/11/puebloan-style-trait-chart.html#comment-form
https://newmexicoarchitecture.blogspot.com/2011/11/spanish-american-architectural.html
https://newmexicoarchitecture.blogspot.com/2011/11/spanish-american-architectural.html#comment-form
https://newmexicoarchitecture.blogspot.com/2012/02/new-mexico-acequia-art.html
https://newmexicoarchitecture.blogspot.com/2012/02/new-mexico-acequia-art.html#comment-form
https://newmexicoarchitecture.blogspot.com/2012/02/preservation-action-proposed-retreat.html
https://newmexicoarchitecture.blogspot.com/2012/02/preservation-action-proposed-retreat.html#comment-form
https://newmexicoarchitecture.blogspot.com/2012/02/textures-of-earth-stucco-and-plaster-in.html
https://newmexicoarchitecture.blogspot.com/2012/02/textures-of-earth-stucco-and-plaster-in.html#comment-form
https://newmexicoarchitecture.blogspot.com/2012/07/dont-miss-this-great-event-at-abq.html
https://newmexicoarchitecture.blogspot.com/2012/07/dont-miss-this-great-event-at-abq.html#comment-form
https://newmexicoarchitecture.blogspot.com/2012/07/poeh-cultural-center.html
https://newmexicoarchitecture.blogspot.com/2012/07/poeh-cultural-center.html#comment-form
https://newmexicoarchitecture.blogspot.com/2012/09/carole-crews-maven-of-plaster.html
https://newmexicoarchitecture.blogspot.com/2012/09/carole-crews-maven-of-plaster.html#comment-form
https://newmexicoarchitecture.blogspot.com/2012/09/el-rancho-de-los-gonoldrinas.html
https://newmexicoarchitecture.blogspot.com/2012/09/el-rancho-de-los-gonoldrinas.html#comment-form
https://newmexicoarchitecture.blogspot.com/2012/11/visitors-sneak-peak-into-restoration-of.html
https://newmexicoarchitecture.blogspot.com/2012/11/visitors-sneak-peak-into-restoration-of.html#comment-form
https://newmexicoarchitecture.blogspot.com/2013/12/abq-museum-architectural.html
https://newmexicoarchitecture.blogspot.com/2013/12/abq-museum-architectural.html#comment-form
https://newmexicoarchitecture.blogspot.com/2013/12/abq-old-town-church.html#comment-form
https://newmexicoarchitecture.blogspot.com/2013/12/bad-designer.html
https://newmexicoarchitecture.blogspot.com/2013/12/bad-designer.html#comment-form
https://newmexicoarchitecture.blogspot.com/2013/12/center-of-universe-unm.html
https://newmexicoarchitecture.blogspot.com/2013/12/center-of-universe-unm.html#comment-form
https://newmexicoarchitecture.blogspot.com/2013/12/churches-in-new-mexico.html
https://newmexicoarchitecture.blogspot.com/2013/12/churches-in-new-mexico.html#comment-form
https://newmexicoarchitecture.blogspot.com/2013/12/gorgeous-details-of-agricultural.html
https://newmexicoarchitecture.blogspot.com/2013/12/gorgeous-details-of-agricultural.html#comment-form
https://newmexicoarchitecture.blogspot.com/2013/12/help-us-crowdfund-our-nm-architecture.html
https://newmexicoarchitecture.blogspot.com/2013/12/help-us-crowdfund-our-nm-architecture.html#comment-form
https://newmexicoarchitecture.blogspot.com/2013/12/hotel-albuqueruque.html
https://newmexicoarchitecture.blogspot.com/2013/12/hotel-albuqueruque.html#comment-form
https://newmexicoarchitecture.blogspot.com/2013/12/my-comments-on-new-abq-railyard.html
https://newmexicoarchitecture.blogspot.com/2013/12/my-comments-on-new-abq-railyard.html#comment-form
https://newmexicoarchitecture.blogspot.com/2013/12/old-town-abq.html
https://newmexicoarchitecture.blogspot.com/2013/12/old-town-abq.html#comment-form
https://newmexicoarchitecture.blogspot.com/2013/12/olive-rush-wpa-artist-at-new-mexico.html
https://newmexicoarchitecture.blogspot.com/2013/12/olive-rush-wpa-artist-at-new-mexico.html#comment-form
https://newmexicoarchitecture.blogspot.com/2013/12/things-youll-see-on-mesa-taos.html
https://newmexicoarchitecture.blogspot.com/2013/12/things-youll-see-on-mesa-taos.html#comment-form
https://newmexicoarchitecture.blogspot.com/2013/12/unm.html
https://newmexicoarchitecture.blogspot.com/2013/12/unm.html#comment-form
https://newmexicoarchitecture.blogspot.com/2013/12/whats-not-to-love-about-winter-hispanic.html
https://newmexicoarchitecture.blogspot.com/2013/12/whats-not-to-love-about-winter-hispanic.html#comment-form
https://newmexicoarchitecture.blogspot.com/2014/04/best-of-nm-nm-supreme-court-and-library.html
https://newmexicoarchitecture.blogspot.com/2014/04/best-of-nm-nm-supreme-court-and-library.html#comment-form
https://newmexicoarchitecture.blogspot.com/2014/04/best-of-nm-quarai-ruins.html
https://newmexicoarchitecture.blogspot.com/2014/04/best-of-nm-quarai-ruins.html#comment-form
https://newmexicoarchitecture.blogspot.com/2014/04/cerrillos.html
https://newmexicoarchitecture.blogspot.com/2014/04/cerrillos.html#comment-form
https://newmexicoarchitecture.blogspot.com/2014/04/its-not-architecture-but-architects.html
https://newmexicoarchitecture.blogspot.com/2014/04/its-not-architecture-but-architects.html#comment-form
https://newmexicoarchitecture.blogspot.com/2014/06/epic-places-buffalo-thunder.html#comment-form
https://newmexicoarchitecture.blogspot.com/2014/06/nmtrue-adventures-in-architecture.html
https://newmexicoarchitecture.blogspot.com/2014/06/nmtrue-adventures-in-architecture.html#comment-form
https://newmexicoarchitecture.blogspot.com/2014/06/our-map-guide-to-abqs-natural-building.html
https://newmexicoarchitecture.blogspot.com/2014/06/our-map-guide-to-abqs-natural-building.html#comment-form
https://newmexicoarchitecture.blogspot.com/2015/10/kiva-chapel-of-light-new-celebration-of.html
https://newmexicoarchitecture.blogspot.com/2015/10/kiva-chapel-of-light-new-celebration-of.html#comment-form
https://newmexicoarchitecture.blogspot.com/2015/12/rachel-preston-prinz-ethnobotany-and.html
https://newmexicoarchitecture.blogspot.com/2015/12/rachel-preston-prinz-ethnobotany-and.html#comment-form
https://newmexicoarchitecture.blogspot.com/feeds/1179201979097611708/comments/default
https://newmexicoarchitecture.blogspot.com/feeds/127636930327113182/comments/default
https://newmexicoarchitecture.blogspot.com/feeds/1337109992573347961/comments/default
https://newmexicoarchitecture.blogspot.com/feeds/1349147878092849540/comments/default
https://newmexicoarchitecture.blogspot.com/feeds/1393548938068228734/comments/default
https://newmexicoarchitecture.blogspot.com/feeds/2159591408453911801/comments/default
https://newmexicoarchitecture.blogspot.com/feeds/2305795964620080612/comments/default
https://newmexicoarchitecture.blogspot.com/feeds/2375217307797425879/comments/default
https://newmexicoarchitecture.blogspot.com/feeds/245200904677415466/comments/default
https://newmexicoarchitecture.blogspot.com/feeds/3151209975844429128/comments/default
https://newmexicoarchitecture.blogspot.com/feeds/3226635905764539980/comments/default
https://newmexicoarchitecture.blogspot.com/feeds/3358185597371252115/comments/default
https://newmexicoarchitecture.blogspot.com/feeds/3694887275533031664/comments/default
https://newmexicoarchitecture.blogspot.com/feeds/3711771059281283823/comments/default
https://newmexicoarchitecture.blogspot.com/feeds/3861228052730079316/comments/default
https://newmexicoarchitecture.blogspot.com/feeds/3893784207591354106/comments/default
https://newmexicoarchitecture.blogspot.com/feeds/3894391106469908051/comments/default
https://newmexicoarchitecture.blogspot.com/feeds/4292765903444986405/comments/default
https://newmexicoarchitecture.blogspot.com/feeds/4305130461475554650/comments/default
https://newmexicoarchitecture.blogspot.com/feeds/4647813238207717957/comments/default
https://newmexicoarchitecture.blogspot.com/feeds/4846892697578812849/comments/default
https://newmexicoarchitecture.blogspot.com/feeds/4946170503785210481/comments/default
https://newmexicoarchitecture.blogspot.com/feeds/4947859662783744117/comments/default
https://newmexicoarchitecture.blogspot.com/feeds/508834719767120848/comments/default
https://newmexicoarchitecture.blogspot.com/feeds/5251873434441887128/comments/default
https://newmexicoarchitecture.blogspot.com/feeds/5377309499604228839/comments/default
https://newmexicoarchitecture.blogspot.com/feeds/5464507224205901329/comments/default
https://newmexicoarchitecture.blogspot.com/feeds/5622683453678762253/comments/default
https://newmexicoarchitecture.blogspot.com/feeds/5922311105898645555/comments/default
https://newmexicoarchitecture.blogspot.com/feeds/6118550294777809975/comments/default
https://newmexicoarchitecture.blogspot.com/feeds/6192774953893556236/comments/default
https://newmexicoarchitecture.blogspot.com/feeds/6910971803911290313/comments/default
https://newmexicoarchitecture.blogspot.com/feeds/6982122798135023572/comments/default
https://newmexicoarchitecture.blogspot.com/feeds/6987656851775582766/comments/default
https://newmexicoarchitecture.blogspot.com/feeds/7158210823571374636/comments/default
https://newmexicoarchitecture.blogspot.com/feeds/7276399245574681214/comments/default
https://newmexicoarchitecture.blogspot.com/feeds/78249952680006770/comments/default
https://newmexicoarchitecture.blogspot.com/feeds/7926487433101747594/comments/default
https://newmexicoarchitecture.blogspot.com/feeds/8001673691264956115/comments/default
https://newmexicoarchitecture.blogspot.com/feeds/8666251035561191798/comments/default
https://newmexicoarchitecture.blogspot.com/feeds/930100382988664895/comments/default
https://newmexicoarchitecture.blogspot.com/feeds/archive
https://newmexicoarchitecture.blogspot.com/search
https://resources.blogblog.com/blogblog/data/1kt/simple/body_gradient_tile_light.png)
https://resources.blogblog.com/blogblog/data/1kt/simple/gradients_light.png)
https://resources.blogblog.com/img/icon18_edit_allbkg.gif
https://resources.blogblog.com/img/icon18_email.gif
https://resources.blogblog.com/img/icon_delete13.gif
https://www.blogger.com
https://www.blogger.com/feeds/7317895743550125105/6118550294777809975/comments/default/7799840293987146784
https://www.blogger.com/feeds/7317895743550125105/archive
https://www.blogger.com/feeds/7317895743550125105/pages/default/1537733017125059061
https://www.blogger.com/feeds/7317895743550125105/pages/default/1695106919411377495
https://www.blogger.com/feeds/7317895743550125105/pages/default/1727991829971905218
https://www.blogger.com/feeds/7317895743550125105/pages/default/1749503084481487364
https://www.blogger.com/feeds/7317895743550125105/pages/default/254762585135864188
https://www.blogger.com/feeds/7317895743550125105/pages/default/5293442006515475987
https://www.blogger.com/feeds/7317895743550125105/pages/default/6346568237097238977
https://www.blogger.com/feeds/7317895743550125105/pages/default/6583974605869933636
https://www.blogger.com/feeds/7317895743550125105/pages/default/7084397659189211167
https://www.blogger.com/feeds/7317895743550125105/pages/default/8114812651437823482
https://www.blogger.com/feeds/7317895743550125105/pages/default/8774042419938710091
https://www.blogger.com/feeds/7317895743550125105/posts/default/1179201979097611708
https://www.blogger.com/feeds/7317895743550125105/posts/default/127636930327113182
https://www.blogger.com/feeds/7317895743550125105/posts/default/1337109992573347961
https://www.blogger.com/feeds/7317895743550125105/posts/default/1349147878092849540
https://www.blogger.com/feeds/7317895743550125105/posts/default/1393548938068228734
https://www.blogger.com/feeds/7317895743550125105/posts/default/2159591408453911801
https://www.blogger.com/feeds/7317895743550125105/posts/default/2305795964620080612
https://www.blogger.com/feeds/7317895743550125105/posts/default/2375217307797425879
https://www.blogger.com/feeds/7317895743550125105/posts/default/245200904677415466
https://www.blogger.com/feeds/7317895743550125105/posts/default/2491429489364401291
https://www.blogger.com/feeds/7317895743550125105/posts/default/3116842011441599482
https://www.blogger.com/feeds/7317895743550125105/posts/default/3151209975844429128
https://www.blogger.com/feeds/7317895743550125105/posts/default/3226635905764539980
https://www.blogger.com/feeds/7317895743550125105/posts/default/3358185597371252115
https://www.blogger.com/feeds/7317895743550125105/posts/default/3694887275533031664
https://www.blogger.com/feeds/7317895743550125105/posts/default/3711771059281283823
https://www.blogger.com/feeds/7317895743550125105/posts/default/3861228052730079316
https://www.blogger.com/feeds/7317895743550125105/posts/default/3893784207591354106
https://www.blogger.com/feeds/7317895743550125105/posts/default/3894391106469908051
https://www.blogger.com/feeds/7317895743550125105/posts/default/4292765903444986405
https://www.blogger.com/feeds/7317895743550125105/posts/default/4305130461475554650
https://www.blogger.com/feeds/7317895743550125105/posts/default/4647813238207717957
https://www.blogger.com/feeds/7317895743550125105/posts/default/4846892697578812849
https://www.blogger.com/feeds/7317895743550125105/posts/default/4946170503785210481
https://www.blogger.com/feeds/7317895743550125105/posts/default/4947859662783744117
https://www.blogger.com/feeds/7317895743550125105/posts/default/508834719767120848
https://www.blogger.com/feeds/7317895743550125105/posts/default/5251873434441887128
https://www.blogger.com/feeds/7317895743550125105/posts/default/5377309499604228839
https://www.blogger.com/feeds/7317895743550125105/posts/default/5464507224205901329
https://www.blogger.com/feeds/7317895743550125105/posts/default/5622683453678762253
https://www.blogger.com/feeds/7317895743550125105/posts/default/5922311105898645555
https://www.blogger.com/feeds/7317895743550125105/posts/default/6118550294777809975
https://www.blogger.com/feeds/7317895743550125105/posts/default/6192774953893556236
https://www.blogger.com/feeds/7317895743550125105/posts/default/6910971803911290313
https://www.blogger.com/feeds/7317895743550125105/posts/default/6982122798135023572
https://www.blogger.com/feeds/7317895743550125105/posts/default/6987656851775582766
https://www.blogger.com/feeds/7317895743550125105/posts/default/7158210823571374636
https://www.blogger.com/feeds/7317895743550125105/posts/default/7276399245574681214
https://www.blogger.com/feeds/7317895743550125105/posts/default/78249952680006770
https://www.blogger.com/feeds/7317895743550125105/posts/default/7926487433101747594
https://www.blogger.com/feeds/7317895743550125105/posts/default/8001673691264956115
https://www.blogger.com/feeds/7317895743550125105/posts/default/8666251035561191798
https://www.blogger.com/feeds/7317895743550125105/posts/default/930100382988664895
https://www.blogger.com/feeds/7317895743550125105/settings/BLOG_ADMIN_PERMISSION
https://www.blogger.com/feeds/7317895743550125105/settings/BLOG_ADULT_CONTENT
https://www.blogger.com/feeds/7317895743550125105/settings/BLOG_ALTERNATE_JSRENDER_ALLOWED
https://www.blogger.com/feeds/7317895743550125105/settings/BLOG_ANALYTICS_ACCOUNT_NUMBER
https://www.blogger.com/feeds/7317895743550125105/settings/BLOG_ARCHIVE_DATE_FORMAT
https://www.blogger.com/feeds/7317895743550125105/settings/BLOG_ARCHIVE_FREQUENCY
https://www.blogger.com/feeds/7317895743550125105/settings/BLOG_AUTHOR_PERMISSION
https://www.blogger.com/feeds/7317895743550125105/settings/BLOG_BY_POST_ARCHIVING
https://www.blogger.com/feeds/7317895743550125105/settings/BLOG_COMMENTS_ALLOWED
https://www.blogger.com/feeds/7317895743550125105/settings/BLOG_COMMENTS_TIME_STAMP_FORMAT
https://www.blogger.com/feeds/7317895743550125105/settings/BLOG_COMMENT_ACCESS
https://www.blogger.com/feeds/7317895743550125105/settings/BLOG_COMMENT_CAPTCHA
https://www.blogger.com/feeds/7317895743550125105/settings/BLOG_COMMENT_EMAIL
https://www.blogger.com/feeds/7317895743550125105/settings/BLOG_COMMENT_FEED
https://www.blogger.com/feeds/7317895743550125105/settings/BLOG_COMMENT_FORM_LOCATION
https://www.blogger.com/feeds/7317895743550125105/settings/BLOG_COMMENT_MESSAGE
https://www.blogger.com/feeds/7317895743550125105/settings/BLOG_COMMENT_MODERATION
https://www.blogger.com/feeds/7317895743550125105/settings/BLOG_COMMENT_MODERATION_DELAY
https://www.blogger.com/feeds/7317895743550125105/settings/BLOG_COMMENT_MODERATION_EMAIL
https://www.blogger.com/feeds/7317895743550125105/settings/BLOG_COMMENT_PROFILE_IMAGES
https://www.blogger.com/feeds/7317895743550125105/settings/BLOG_CONVERT_LINE_BREAKS
https://www.blogger.com/feeds/7317895743550125105/settings/BLOG_CUSTOM_ADS_TXT
https://www.blogger.com/feeds/7317895743550125105/settings/BLOG_CUSTOM_ADS_TXT_ENABLED
https://www.blogger.com/feeds/7317895743550125105/settings/BLOG_CUSTOM_PAGE_NOT_FOUND
https://www.blogger.com/feeds/7317895743550125105/settings/BLOG_CUSTOM_ROBOTS_TXT
https://www.blogger.com/feeds/7317895743550125105/settings/BLOG_CUSTOM_ROBOTS_TXT_ENABLED
https://www.blogger.com/feeds/7317895743550125105/settings/BLOG_DATE_FORMAT
https://www.blogger.com/feeds/7317895743550125105/settings/BLOG_DEFAULT_COMMENTS_MODE
https://www.blogger.com/feeds/7317895743550125105/settings/BLOG_DESCRIPTION
https://www.blogger.com/feeds/7317895743550125105/settings/BLOG_EMAIL_POST_LINKS
https://www.blogger.com/feeds/7317895743550125105/settings/BLOG_FEED_REDIRECT_URL
https://www.blogger.com/feeds/7317895743550125105/settings/BLOG_FLOAT_ALIGNMENT
https://www.blogger.com/feeds/7317895743550125105/settings/BLOG_LOCALE
https://www.blogger.com/feeds/7317895743550125105/settings/BLOG_MAX_NUM
https://www.blogger.com/feeds/7317895743550125105/settings/BLOG_MAX_UNIT
https://www.blogger.com/feeds/7317895743550125105/settings/BLOG_META_DESCRIPTION
https://www.blogger.com/feeds/7317895743550125105/settings/BLOG_META_DESCRIPTION_ENABLED
https://www.blogger.com/feeds/7317895743550125105/settings/BLOG_NAME
https://www.blogger.com/feeds/7317895743550125105/settings/BLOG_PER_POST_FEED
https://www.blogger.com/feeds/7317895743550125105/settings/BLOG_POST_FEED
https://www.blogger.com/feeds/7317895743550125105/settings/BLOG_POST_FEED_FOOTER
https://www.blogger.com/feeds/7317895743550125105/settings/BLOG_POST_TEMPLATE
https://www.blogger.com/feeds/7317895743550125105/settings/BLOG_PROMOTED
https://www.blogger.com/feeds/7317895743550125105/settings/BLOG_PUBLISHING_MODE
https://www.blogger.com/feeds/7317895743550125105/settings/BLOG_QUICK_EDITING
https://www.blogger.com/feeds/7317895743550125105/settings/BLOG_READER_PERMISSION
https://www.blogger.com/feeds/7317895743550125105/settings/BLOG_READ_ACCESS_MODE
https://www.blogger.com/feeds/7317895743550125105/settings/BLOG_SEARCHABLE
https://www.blogger.com/feeds/7317895743550125105/settings/BLOG_SEND_EMAIL
https://www.blogger.com/feeds/7317895743550125105/settings/BLOG_SHOW_TITLE
https://www.blogger.com/feeds/7317895743550125105/settings/BLOG_SHOW_URL
https://www.blogger.com/feeds/7317895743550125105/settings/BLOG_SUBDOMAIN
https://www.blogger.com/feeds/7317895743550125105/settings/BLOG_TIME_STAMP_FORMAT
https://www.blogger.com/feeds/7317895743550125105/settings/BLOG_TIME_ZONE
https://www.blogger.com/feeds/7317895743550125105/settings/BLOG_USE_LIGHTBOX
https://www.blogger.com/feeds/7317895743550125105/template/default
https://www.blogger.com/navbar.g?targetBlogID
https://www.blogger.com/profile/05385622916340585907
https://www.blogger.com/profile/07047414948360387844
https://www.blogger.com/styles/atom.css
https://www.facebook.com/ABQSprout
https://www.facebook.com/ArchiniaDesign
https://www.facebook.com/media/set/?set=a.428671323858040.102102.171781079547067&amp;amp;type=3
https://www.netvibes.com/subscribe.php?url=&amp;quot
https://www.youtube.com/watch?v=3uTUNn4u5fU&amp;amp;feature=player_embedded
